relative_id,timestamp,RU_IMU9_Acc_X,RU_IMU9_Acc_Y,RU_IMU9_Acc_Z,RU_IMU9_Gyro_X,RU_IMU9_Gyro_Y,RU_IMU9_Gyro_Z,RU_IMU9_Magn_X,RU_IMU9_Magn_Y,RU_IMU9_Magn_Z
0,1727262969.5398648,-0.014357448555529118,-0.2703986167907715,-9.526166915893555,-0.3499999940395355,-1.8200000524520874,-1.2599999904632568,-30.30000114440918,-99.9000015258789,112.05000305175781
1,1727262969.5655057,0.040679436177015305,-0.26800569891929626,-9.528559684753418,-0.3499999940395355,-1.8200000524520874,-1.4700000286102295,-29.400001525878906,-97.95000457763672,110.85000610351562
2,1727262969.591147,0.028714897111058235,-0.27757734060287476,-9.509416580200195,-0.42000001668930054,-1.8899999856948853,-1.4700000286102295,-30.750001907348633,-98.85000610351562,113.25000762939453
3,1727262969.616788,-0.023929081857204437,-0.30629223585128784,-9.533346176147461,-0.3499999940395355,-1.8899999856948853,-1.3300000429153442,-30.600000381469727,-98.10000610351562,111.60000610351562
4,1727262969.630128,0.01914326474070549,-0.29911351203918457,-9.528559684753418,-0.21000000834465027,-1.8200000524520874,-1.2599999904632568,-30.150001525878906,-97.80000305175781,111.60000610351562
5,1727262969.6557689,0.007178724277764559,-0.25604116916656494,-9.502238273620605,-0.2800000011920929,-1.8200000524520874,-1.3300000429153442,-31.500001907348633,-97.05000305175781,111.75000762939453
6,1727262969.68141,0.01914326474070549,-0.2919347882270813,-9.528559684753418,-0.3499999940395355,-1.6800000667572021,-1.3300000429153442,-29.250001907348633,-98.55000305175781,111.00000762939453
7,1727262969.707051,0.009571632370352745,-0.2536482512950897,-9.545310020446777,-0.3499999940395355,-1.75,-1.2599999904632568,-30.750001907348633,-97.35000610351562,112.6500015258789
8,1727262969.704656,0.03828652948141098,-0.2943277060985565,-9.533346176147461,-0.42000001668930054,-1.8200000524520874,-1.3300000429153442,-29.100000381469727,-98.55000305175781,113.10000610351562
9,1727262969.7302969,0.023929081857204437,-0.2703986167907715,-9.533346176147461,-0.2800000011920929,-1.75,-1.2599999904632568,-32.55000305175781,-97.95000457763672,111.45000457763672
10,1727262969.755938,0.021536173298954964,-0.30868515372276306,-9.533346176147461,-0.3499999940395355,-1.6800000667572021,-1.3300000429153442,-28.950000762939453,-97.6500015258789,112.80000305175781
11,1727262969.781579,-0.02632198855280876,-0.25843408703804016,-9.483095169067383,-0.2800000011920929,-1.6800000667572021,-1.3300000429153442,-31.350000381469727,-97.6500015258789,112.05000305175781
12,1727262969.7795358,-0.0047858161851763725,-0.284756064414978,-9.545310020446777,-0.3499999940395355,-1.8200000524520874,-1.3300000429153442,-30.150001525878906,-99.00000762939453,112.95000457763672
13,1727262969.8051767,0.007178724277764559,-0.3015064299106598,-9.535738945007324,-0.3499999940395355,-1.75,-1.399999976158142,-30.150001525878906,-98.85000610351562,110.55000305175781
14,1727262969.830818,0.0502510704100132,-0.29911351203918457,-9.545310020446777,-0.2800000011920929,-1.75,-1.399999976158142,-30.750001907348633,-98.10000610351562,111.45000457763672
15,1727262969.856459,0.011964540928602219,-0.27757734060287476,-9.504631042480469,-0.3499999940395355,-1.8200000524520874,-1.399999976158142,-30.600000381469727,-97.95000457763672,113.4000015258789
16,1727262969.8694198,0.055036887526512146,-0.2895418703556061,-9.55727481842041,-0.3499999940395355,-1.8200000524520874,-1.3300000429153442,-29.100000381469727,-99.00000762939453,112.50000762939453
17,1727262969.8950608,0.059822700917720795,-0.24646952748298645,-9.552489280700684,-0.3499999940395355,-1.8200000524520874,-1.3300000429153442,-29.250001907348633,-96.9000015258789,112.95000457763672
18,1727262969.920702,-0.007178724277764559,-0.2943277060985565,-9.526166915893555,-0.2800000011920929,-1.8200000524520874,-1.2599999904632568,-32.10000228881836,-97.20000457763672,112.35000610351562
19,1727262969.946343,0.011964540928602219,-0.30868515372276306,-9.535738945007324,-0.2800000011920929,-1.8200000524520874,-1.2599999904632568,-29.100000381469727,-98.10000610351562,111.9000015258789
20,1727262969.9444249,0.014357448555529118,-0.29911351203918457,-9.502238273620605,-0.2800000011920929,-1.8899999856948853,-1.2599999904632568,-30.450000762939453,-98.10000610351562,110.70000457763672
21,1727262969.9700658,-0.03350071236491203,-0.2943277060985565,-9.56684684753418,-0.42000001668930054,-1.8899999856948853,-1.399999976158142,-30.30000114440918,-97.95000457763672,112.50000762939453
22,1727262969.995707,0.04546525329351425,-0.2632198929786682,-9.55009651184082,-0.49000000953674316,-1.8200000524520874,-1.399999976158142,-29.55000114440918,-98.10000610351562,114.1500015258789
23,1727262970.021348,-0.009571632370352745,-0.3110780417919159,-9.554882049560547,-0.42000001668930054,-1.8200000524520874,-1.399999976158142,-29.55000114440918,-99.1500015258789,111.9000015258789
24,1727262970.0198379,-0.0023929080925881863,-0.30868515372276306,-9.56684684753418,-0.42000001668930054,-1.8899999856948853,-1.2599999904632568,-29.700000762939453,-98.70000457763672,111.30000305175781
25,1727262970.0454788,0.009571632370352745,-0.284756064414978,-9.538131713867188,-0.3499999940395355,-1.8899999856948853,-1.3300000429153442,-30.150001525878906,-98.85000610351562,110.85000610351562
26,1727262970.07112,0.0047858161851763725,-0.260826975107193,-9.535738945007324,-0.3499999940395355,-1.8899999856948853,-1.3300000429153442,-29.250001907348633,-98.4000015258789,113.55000305175781
27,1727262970.096761,0.014357448555529118,-0.2919347882270813,-9.511809349060059,-0.3499999940395355,-1.8899999856948853,-1.399999976158142,-30.900001525878906,-97.6500015258789,112.20000457763672
28,1727262970.0945218,0.011964540928602219,-0.284756064414978,-9.559667587280273,-0.2800000011920929,-1.8899999856948853,-1.399999976158142,-31.500001907348633,-97.80000305175781,112.20000457763672
29,1727262970.1201627,0.03828652948141098,-0.27757734060287476,-9.518988609313965,-0.42000001668930054,-1.8200000524520874,-1.399999976158142,-30.150001525878906,-99.1500015258789,109.95000457763672
30,1727262970.145804,0.01914326474070549,-0.28714898228645325,-9.571632385253906,-0.3499999940395355,-1.8899999856948853,-1.3300000429153442,-31.200000762939453,-98.85000610351562,112.95000457763672
31,1727262970.171445,-0.007178724277764559,-0.3230426013469696,-9.559667587280273,-0.2800000011920929,-1.8200000524520874,-1.399999976158142,-29.55000114440918,-97.35000610351562,112.05000305175781
32,1727262970.184671,0.009571632370352745,-0.3110780417919159,-9.562060356140137,-0.3499999940395355,-1.8899999856948853,-1.2599999904632568,-31.950000762939453,-98.70000457763672,112.6500015258789
33,1727262970.210312,0.05264397710561752,-0.30629223585128784,-9.514202117919922,-0.3499999940395355,-1.8200000524520874,-1.2599999904632568,-29.55000114440918,-99.45000457763672,112.6500015258789
34,1727262970.235953,0.0047858161851763725,-0.3015064299106598,-9.542917251586914,-0.3499999940395355,-1.8200000524520874,-1.3300000429153442,-30.900001525878906,-97.50000762939453,111.00000762939453
35,1727262970.261594,0.06700142472982407,-0.29672059416770935,-9.518988609313965,-0.3499999940395355,-1.8899999856948853,-1.3300000429153442,-30.150001525878906,-98.55000305175781,111.60000610351562
36,1727262970.2601478,-0.0023929080925881863,-0.2727915346622467,-9.521381378173828,-0.2800000011920929,-1.8200000524520874,-1.399999976158142,-30.000001907348633,-99.9000015258789,111.00000762939453
37,1727262970.2857888,0.05742979422211647,-0.260826975107193,-9.552489280700684,-0.3499999940395355,-1.75,-1.399999976158142,-29.700000762939453,-99.00000762939453,112.50000762939453
38,1727262970.31143,0.009571632370352745,-0.27518442273139954,-9.535738945007324,-0.3499999940395355,-1.8200000524520874,-1.3300000429153442,-30.000001907348633,-99.00000762939453,111.75000762939453
39,1727262970.337071,0.016750356182456017,-0.3015064299106598,-9.528559684753418,-0.3499999940395355,-1.8200000524520874,-1.399999976158142,-30.450000762939453,-98.4000015258789,113.85000610351562
40,1727262970.33492,-0.040679436177015305,-0.2632198929786682,-9.547703742980957,-0.2800000011920929,-1.8200000524520874,-1.4700000286102295,-31.200000762939453,-99.00000762939453,113.10000610351562
41,1727262970.360561,-0.01914326474070549,-0.2632198929786682,-9.569239616394043,-0.42000001668930054,-1.8200000524520874,-1.2599999904632568,-30.30000114440918,-97.35000610351562,110.10000610351562
42,1727262970.386202,0.023929081857204437,-0.2823631465435028,-9.533346176147461,-0.3499999940395355,-1.8200000524520874,-1.3300000429153442,-30.900001525878906,-97.35000610351562,111.75000762939453
43,1727262970.411843,0.02632198855280876,-0.2823631465435028,-9.535738945007324,-0.3499999940395355,-1.8899999856948853,-1.3300000429153442,-29.850000381469727,-98.55000305175781,112.50000762939453
44,1727262970.410014,0.028714897111058235,-0.31825676560401917,-9.547703742980957,-0.2800000011920929,-1.8200000524520874,-1.2599999904632568,-29.400001525878906,-98.10000610351562,111.75000762939453
45,1727262970.4356549,0.007178724277764559,-0.284756064414978,-9.521381378173828,-0.2800000011920929,-1.8200000524520874,-1.2599999904632568,-30.750001907348633,-98.55000305175781,113.10000610351562
46,1727262970.461296,0.03110780566930771,-0.27997025847435,-9.526166915893555,-0.3499999940395355,-1.75,-1.3300000429153442,-30.450000762939453,-98.85000610351562,113.10000610351562
47,1727262970.486937,-0.011964540928602219,-0.284756064414978,-9.538131713867188,-0.2800000011920929,-1.75,-1.399999976158142,-31.650001525878906,-99.00000762939453,112.80000305175781
48,1727262970.544318,-0.011964540928602219,-0.26800569891929626,-9.56684684753418,-0.3499999940395355,-1.6800000667572021,-1.3300000429153442,-30.30000114440918,-98.10000610351562,112.05000305175781
49,1727262970.569959,-0.0047858161851763725,-0.26800569891929626,-9.569239616394043,-0.42000001668930054,-1.75,-1.3300000429153442,-29.700000762939453,-97.05000305175781,110.4000015258789
50,1727262970.5956001,0.035893622785806656,-0.3015064299106598,-9.511809349060059,-0.3499999940395355,-1.8200000524520874,-1.4700000286102295,-29.55000114440918,-98.85000610351562,112.95000457763672
51,1727262970.621241,0.023929081857204437,-0.29672059416770935,-9.521381378173828,-0.3499999940395355,-1.8899999856948853,-1.4700000286102295,-29.850000381469727,-97.50000762939453,112.80000305175781
52,1727262970.5740838,0.014357448555529118,-0.284756064414978,-9.530953407287598,-0.3499999940395355,-1.75,-1.3300000429153442,-30.000001907348633,-97.80000305175781,112.20000457763672
53,1727262970.5997248,0.023929081857204437,-0.2943277060985565,-9.545310020446777,-0.2800000011920929,-1.8200000524520874,-1.399999976158142,-31.650001525878906,-98.10000610351562,111.60000610351562
54,1727262970.625366,0.0023929080925881863,-0.2943277060985565,-9.516595840454102,-0.2800000011920929,-1.8200000524520874,-1.399999976158142,-32.10000228881836,-98.25000762939453,111.1500015258789
55,1727262970.651007,0.016750356182456017,-0.26561281085014343,-9.533346176147461,-0.3499999940395355,-1.75,-1.399999976158142,-29.250001907348633,-98.70000457763672,111.1500015258789
56,1727262970.649103,0.035893622785806656,-0.23929080367088318,-9.545310020446777,-0.3499999940395355,-1.8899999856948853,-1.2599999904632568,-29.700000762939453,-98.25000762939453,111.9000015258789
57,1727262970.674744,0.01914326474070549,-0.31586387753486633,-9.538131713867188,-0.3499999940395355,-1.8200000524520874,-1.2599999904632568,-30.30000114440918,-99.00000762939453,112.05000305175781
58,1727262970.700385,0.04546525329351425,-0.28714898228645325,-9.521381378173828,-0.3499999940395355,-1.75,-1.3300000429153442,-29.250001907348633,-98.70000457763672,112.50000762939453
59,1727262970.726026,0.0047858161851763725,-0.2919347882270813,-9.55009651184082,-0.42000001668930054,-1.8200000524520874,-1.4700000286102295,-31.200000762939453,-97.35000610351562,111.9000015258789
60,1727262970.7240489,0.028714897111058235,-0.27757734060287476,-9.535738945007324,-0.2800000011920929,-1.8899999856948853,-1.399999976158142,-31.950000762939453,-98.10000610351562,112.50000762939453
61,1727262970.7496898,-0.016750356182456017,-0.2895418703556061,-9.55009651184082,-0.2800000011920929,-1.8200000524520874,-1.3300000429153442,-31.200000762939453,-97.80000305175781,112.20000457763672
62,1727262970.775331,0.007178724277764559,-0.25843408703804016,-9.571632385253906,-0.42000001668930054,-1.8200000524520874,-1.399999976158142,-29.55000114440918,-98.55000305175781,113.70000457763672
63,1727262970.800972,0.04546525329351425,-0.3421858549118042,-9.504631042480469,-0.42000001668930054,-1.8899999856948853,-1.2599999904632568,-29.250001907348633,-98.85000610351562,112.50000762939453
64,1727262970.859331,0.021536173298954964,-0.27518442273139954,-9.535738945007324,-0.2800000011920929,-1.6800000667572021,-1.2599999904632568,-28.650001525878906,-97.6500015258789,112.80000305175781
65,1727262970.8849719,0.03828652948141098,-0.25604116916656494,-9.516595840454102,-0.2800000011920929,-1.6800000667572021,-1.399999976158142,-30.600000381469727,-98.10000610351562,112.50000762939453
66,1727262970.910613,0.01914326474070549,-0.2416837215423584,-9.535738945007324,-0.49000000953674316,-1.75,-1.4700000286102295,-31.200000762939453,-99.00000762939453,113.25000762939453
67,1727262970.936254,0.0,-0.2919347882270813,-9.547703742980957,-0.42000001668930054,-1.75,-1.399999976158142,-29.400001525878906,-98.4000015258789,109.6500015258789
68,1727262970.8891058,-0.0023929080925881863,-0.30868515372276306,-9.552489280700684,-0.42000001668930054,-1.8200000524520874,-1.3300000429153442,-28.80000114440918,-99.30000305175781,111.1500015258789
69,1727262970.9147468,0.028714897111058235,-0.24886244535446167,-9.54052448272705,-0.3499999940395355,-1.8200000524520874,-1.2599999904632568,-31.05000114440918,-97.80000305175781,112.20000457763672
70,1727262970.940388,0.016750356182456017,-0.27997025847435,-9.533346176147461,-0.2800000011920929,-1.8899999856948853,-1.2599999904632568,-30.900001525878906,-98.55000305175781,112.50000762939453
71,1727262970.966029,-0.007178724277764559,-0.2895418703556061,-9.523774147033691,-0.2800000011920929,-1.8899999856948853,-1.399999976158142,-31.350000381469727,-99.30000305175781,112.50000762939453
72,1727262970.964206,0.021536173298954964,-0.30629223585128784,-9.535738945007324,-0.2800000011920929,-1.8899999856948853,-1.3300000429153442,-30.30000114440918,-97.95000457763672,111.45000457763672
73,1727262970.989847,0.023929081857204437,-0.2823631465435028,-9.518988609313965,-0.2800000011920929,-1.8200000524520874,-1.399999976158142,-30.900001525878906,-97.20000457763672,111.9000015258789
74,1727262971.0154881,0.0,-0.2823631465435028,-9.55009651184082,-0.3499999940395355,-1.75,-1.2599999904632568,-30.750001907348633,-97.50000762939453,111.30000305175781
75,1727262971.041129,0.02632198855280876,-0.3015064299106598,-9.530953407287598,-0.3499999940395355,-1.8200000524520874,-1.399999976158142,-30.30000114440918,-96.60000610351562,114.00000762939453
76,1727262971.0392108,0.0,-0.31586387753486633,-9.542917251586914,-0.3499999940395355,-1.8899999856948853,-1.399999976158142,-30.750001907348633,-96.9000015258789,112.80000305175781
77,1727262971.0648518,-0.007178724277764559,-0.27997025847435,-9.569239616394043,-0.3499999940395355,-1.8200000524520874,-1.399999976158142,-29.55000114440918,-99.30000305175781,110.55000305175781
78,1727262971.090493,-0.0023929080925881863,-0.28714898228645325,-9.547703742980957,-0.42000001668930054,-1.8200000524520874,-1.2599999904632568,-30.150001525878906,-98.85000610351562,113.55000305175781
79,1727262971.116134,0.05264397710561752,-0.2823631465435028,-9.554882049560547,-0.49000000953674316,-1.9600000381469727,-1.3300000429153442,-29.250001907348633,-97.50000762939453,111.9000015258789
80,1727262971.1742318,-0.0047858161851763725,-0.26800569891929626,-9.523774147033691,-0.3499999940395355,-1.8899999856948853,-1.3300000429153442,-29.850000381469727,-97.50000762939453,111.1500015258789
81,1727262971.1998727,0.0047858161851763725,-0.28714898228645325,-9.545310020446777,-0.3499999940395355,-1.8200000524520874,-1.3300000429153442,-31.80000114440918,-98.70000457763672,112.50000762939453
82,1727262971.225514,0.009571632370352745,-0.284756064414978,-9.562060356140137,-0.2800000011920929,-1.8200000524520874,-1.399999976158142,-30.450000762939453,-100.35000610351562,112.50000762939453
83,1727262971.251155,-0.011964540928602219,-0.29672059416770935,-9.533346176147461,-0.2800000011920929,-1.8899999856948853,-1.399999976158142,-31.05000114440918,-98.10000610351562,112.80000305175781
84,1727262971.204913,-0.0023929080925881863,-0.26561281085014343,-9.55727481842041,-0.3499999940395355,-1.8899999856948853,-1.399999976158142,-31.200000762939453,-99.60000610351562,111.45000457763672
85,1727262971.2305539,0.028714897111058235,-0.31825676560401917,-9.552489280700684,-0.2800000011920929,-1.8200000524520874,-1.2599999904632568,-32.400001525878906,-96.75000762939453,112.05000305175781
86,1727262971.256195,0.01914326474070549,-0.284756064414978,-9.54052448272705,-0.2800000011920929,-1.8200000524520874,-1.3300000429153442,-29.850000381469727,-96.60000610351562,113.4000015258789
87,1727262971.281836,-0.03110780566930771,-0.2536482512950897,-9.535738945007324,-0.2800000011920929,-1.8200000524520874,-1.399999976158142,-30.600000381469727,-99.1500015258789,112.05000305175781
88,1727262971.2799218,0.0502510704100132,-0.284756064414978,-9.542917251586914,-0.2800000011920929,-1.8200000524520874,-1.399999976158142,-29.250001907348633,-99.1500015258789,111.60000610351562
89,1727262971.3055627,0.0023929080925881863,-0.339792937040329,-9.554882049560547,-0.2800000011920929,-1.75,-1.2599999904632568,-28.950000762939453,-97.80000305175781,112.80000305175781
90,1727262971.331204,0.0023929080925881863,-0.260826975107193,-9.528559684753418,-0.3499999940395355,-1.75,-1.190000057220459,-30.600000381469727,-98.10000610351562,112.95000457763672
91,1727262971.356845,0.007178724277764559,-0.3302213251590729,-9.511809349060059,-0.2800000011920929,-1.8200000524520874,-1.2599999904632568,-32.55000305175781,-97.80000305175781,112.35000610351562
92,1727262971.3545299,0.014357448555529118,-0.29911351203918457,-9.542917251586914,-0.42000001668930054,-1.8200000524520874,-1.399999976158142,-30.000001907348633,-97.50000762939453,111.9000015258789
93,1727262971.3801708,0.03828652948141098,-0.3110780417919159,-9.593168258666992,-0.3499999940395355,-1.8899999856948853,-1.399999976158142,-31.350000381469727,-99.60000610351562,113.55000305175781
94,1727262971.405812,0.009571632370352745,-0.2919347882270813,-9.535738945007324,-0.3499999940395355,-1.8200000524520874,-1.3300000429153442,-30.450000762939453,-98.10000610351562,111.75000762939453
95,1727262971.431453,-0.0023929080925881863,-0.27518442273139954,-9.483095169067383,-0.3499999940395355,-1.8200000524520874,-1.2599999904632568,-31.200000762939453,-98.10000610351562,112.95000457763672
96,1727262971.4897718,0.02632198855280876,-0.2943277060985565,-9.547703742980957,-0.2800000011920929,-1.8200000524520874,-1.3300000429153442,-28.80000114440918,-97.6500015258789,112.20000457763672
97,1727262971.5154128,-0.01914326474070549,-0.27997025847435,-9.55009651184082,-0.3499999940395355,-1.8200000524520874,-1.399999976158142,-31.200000762939453,-99.1500015258789,110.70000457763672
98,1727262971.541054,0.011964540928602219,-0.26800569891929626,-9.542917251586914,-0.3499999940395355,-1.8899999856948853,-1.4700000286102295,-31.350000381469727,-98.70000457763672,110.70000457763672
99,1727262971.566695,0.03350071236491203,-0.28714898228645325,-9.521381378173828,-0.3499999940395355,-1.8899999856948853,-1.3300000429153442,-30.450000762939453,-98.70000457763672,112.20000457763672
100,1727262971.5192418,0.03828652948141098,-0.29672059416770935,-9.542917251586914,-0.42000001668930054,-1.75,-1.399999976158142,-31.350000381469727,-99.30000305175781,112.80000305175781
101,1727262971.5448828,0.09332341700792313,-0.2919347882270813,-9.545310020446777,-0.42000001668930054,-1.8200000524520874,-1.3300000429153442,-29.400001525878906,-97.95000457763672,110.85000610351562
102,1727262971.570524,0.04307234659790993,-0.25604116916656494,-9.547703742980957,-0.42000001668930054,-1.8200000524520874,-1.3300000429153442,-30.900001525878906,-97.50000762939453,112.95000457763672
103,1727262971.596165,0.02632198855280876,-0.2823631465435028,-9.57402515411377,-0.3499999940395355,-1.8200000524520874,-1.399999976158142,-30.000001907348633,-98.85000610351562,110.70000457763672
104,1727262971.5941668,-0.023929081857204437,-0.27997025847435,-9.528559684753418,-0.2800000011920929,-1.8200000524520874,-1.399999976158142,-29.55000114440918,-97.20000457763672,111.30000305175781
105,1727262971.6198077,0.021536173298954964,-0.26800569891929626,-9.564454078674316,-0.3499999940395355,-1.75,-1.399999976158142,-31.05000114440918,-98.85000610351562,111.45000457763672
106,1727262971.645449,0.04546525329351425,-0.26800569891929626,-9.54052448272705,-0.2800000011920929,-1.8200000524520874,-1.399999976158142,-30.750001907348633,-98.85000610351562,111.9000015258789
107,1727262971.67109,0.016750356182456017,-0.3134709596633911,-9.514202117919922,-0.2800000011920929,-1.8200000524520874,-1.2599999904632568,-29.400001525878906,-98.4000015258789,110.70000457763672
108,1727262971.6692588,0.014357448555529118,-0.31586387753486633,-9.507023811340332,-0.2800000011920929,-1.8200000524520874,-1.3300000429153442,-30.600000381469727,-100.50000762939453,112.35000610351562
109,1727262971.6948998,-0.0023929080925881863,-0.27757734060287476,-9.547703742980957,-0.21000000834465027,-1.8200000524520874,-1.399999976158142,-31.200000762939453,-97.6500015258789,112.20000457763672
110,1727262971.720541,0.01914326474070549,-0.2919347882270813,-9.538131713867188,-0.3499999940395355,-1.9600000381469727,-1.190000057220459,-28.950000762939453,-98.70000457763672,111.30000305175781
111,1727262971.746182,0.0047858161851763725,-0.2727915346622467,-9.56684684753418,-0.2800000011920929,-1.8899999856948853,-1.2599999904632568,-31.05000114440918,-97.05000305175781,111.1500015258789
112,1727262971.804658,-0.016750356182456017,-0.3038993179798126,-9.545310020446777,-0.2800000011920929,-1.8200000524520874,-1.3300000429153442,-31.05000114440918,-98.10000610351562,112.6500015258789
113,1727262971.830299,0.014357448555529118,-0.24407662451267242,-9.535738945007324,-0.42000001668930054,-1.75,-1.2599999904632568,-29.850000381469727,-99.9000015258789,111.30000305175781
114,1727262971.85594,0.0047858161851763725,-0.260826975107193,-9.547703742980957,-0.3499999940395355,-1.8200000524520874,-1.399999976158142,-30.450000762939453,-99.75000762939453,110.55000305175781
115,1727262971.881581,0.040679436177015305,-0.2727915346622467,-9.528559684753418,-0.42000001668930054,-1.8899999856948853,-1.3300000429153442,-29.850000381469727,-98.25000762939453,111.00000762939453
116,1727262971.834457,-0.028714897111058235,-0.27757734060287476,-9.499845504760742,-0.2800000011920929,-1.8200000524520874,-1.3300000429153442,-31.05000114440918,-98.85000610351562,111.30000305175781
117,1727262971.860098,-0.009571632370352745,-0.3134709596633911,-9.547703742980957,-0.3499999940395355,-1.8200000524520874,-1.3300000429153442,-29.400001525878906,-96.30000305175781,112.35000610351562
118,1727262971.885739,-0.007178724277764559,-0.2823631465435028,-9.57402515411377,-0.3499999940395355,-1.75,-1.399999976158142,-28.950000762939453,-99.45000457763672,112.80000305175781
119,1727262971.91138,0.023929081857204437,-0.2727915346622467,-9.538131713867188,-0.3499999940395355,-1.8899999856948853,-1.399999976158142,-31.350000381469727,-98.10000610351562,112.05000305175781
120,1727262971.9092188,0.028714897111058235,-0.284756064414978,-9.54052448272705,-0.3499999940395355,-1.8200000524520874,-1.399999976158142,-29.55000114440918,-99.1500015258789,111.00000762939453
121,1727262971.9348598,0.02632198855280876,-0.29672059416770935,-9.521381378173828,-0.2800000011920929,-1.6800000667572021,-1.399999976158142,-31.05000114440918,-98.85000610351562,111.75000762939453
122,1727262971.960501,-0.021536173298954964,-0.284756064414978,-9.55727481842041,-0.3499999940395355,-1.6800000667572021,-1.399999976158142,-30.150001525878906,-97.80000305175781,111.75000762939453
123,1727262971.986142,0.06700142472982407,-0.29672059416770935,-9.538131713867188,-0.42000001668930054,-1.75,-1.399999976158142,-30.450000762939453,-97.95000457763672,110.70000457763672
124,1727262971.9999218,0.05742979422211647,-0.27518442273139954,-9.521381378173828,-0.3499999940395355,-1.75,-1.3300000429153442,-29.850000381469727,-97.50000762939453,112.20000457763672
125,1727262972.0255628,0.01914326474070549,-0.2919347882270813,-9.542917251586914,-0.21000000834465027,-1.75,-1.3300000429153442,-31.05000114440918,-98.4000015258789,112.6500015258789
126,1727262972.051204,0.06460852175951004,-0.284756064414978,-9.533346176147461,-0.2800000011920929,-1.8200000524520874,-1.3300000429153442,-30.30000114440918,-99.1500015258789,112.6500015258789
127,1727262972.076845,0.014357448555529118,-0.2727915346622467,-9.509416580200195,-0.3499999940395355,-1.8200000524520874,-1.399999976158142,-31.05000114440918,-98.55000305175781,111.00000762939453
128,1727262972.074703,0.0023929080925881863,-0.29672059416770935,-9.538131713867188,-0.3499999940395355,-1.8200000524520874,-1.3300000429153442,-30.900001525878906,-97.95000457763672,112.20000457763672
129,1727262972.100344,0.03110780566930771,-0.29672059416770935,-9.516595840454102,-0.3499999940395355,-1.75,-1.2599999904632568,-30.150001525878906,-97.95000457763672,111.1500015258789
130,1727262972.1259851,-0.011964540928602219,-0.3134709596633911,-9.518988609313965,-0.2800000011920929,-1.75,-1.190000057220459,-30.900001525878906,-98.85000610351562,113.4000015258789
131,1727262972.151626,0.0047858161851763725,-0.3038993179798126,-9.533346176147461,-0.2800000011920929,-1.75,-1.2599999904632568,-28.950000762939453,-98.4000015258789,110.85000610351562
132,1727262972.1492379,0.035893622785806656,-0.2823631465435028,-9.559667587280273,-0.3499999940395355,-1.8200000524520874,-1.2599999904632568,-29.55000114440918,-99.1500015258789,112.80000305175781
133,1727262972.1748788,0.04307234659790993,-0.27518442273139954,-9.511809349060059,-0.3499999940395355,-1.75,-1.2599999904632568,-30.30000114440918,-97.20000457763672,112.20000457763672
134,1727262972.20052,0.021536173298954964,-0.2919347882270813,-9.554882049560547,-0.3499999940395355,-1.75,-1.3300000429153442,-31.05000114440918,-98.25000762939453,112.80000305175781
135,1727262972.226161,0.04307234659790993,-0.2823631465435028,-9.526166915893555,-0.42000001668930054,-1.8200000524520874,-1.3300000429153442,-29.850000381469727,-99.60000610351562,111.00000762939453
136,1727262972.2243438,-0.014357448555529118,-0.2919347882270813,-9.547703742980957,-0.3499999940395355,-1.8200000524520874,-1.399999976158142,-30.000001907348633,-98.10000610351562,111.45000457763672
137,1727262972.2499847,0.01914326474070549,-0.26800569891929626,-9.538131713867188,-0.3499999940395355,-1.75,-1.399999976158142,-29.700000762939453,-96.9000015258789,112.20000457763672
138,1727262972.275626,0.03110780566930771,-0.2512553632259369,-9.55727481842041,-0.2800000011920929,-1.8200000524520874,-1.3300000429153442,-30.150001525878906,-97.80000305175781,112.35000610351562
139,1727262972.301267,0.01914326474070549,-0.260826975107193,-9.55727481842041,-0.3499999940395355,-1.8200000524520874,-1.3300000429153442,-31.05000114440918,-99.30000305175781,115.50000762939453
140,1727262972.314309,-0.011964540928602219,-0.3134709596633911,-9.523774147033691,-0.3499999940395355,-1.8200000524520874,-1.3300000429153442,-31.500001907348633,-98.4000015258789,112.35000610351562
141,1727262972.3399498,-0.016750356182456017,-0.27997025847435,-9.499845504760742,-0.42000001668930054,-1.9600000381469727,-1.399999976158142,-29.400001525878906,-97.35000610351562,111.9000015258789
142,1727262972.365591,0.03110780566930771,-0.2727915346622467,-9.535738945007324,-0.2800000011920929,-1.75,-1.2599999904632568,-30.000001907348633,-97.95000457763672,112.05000305175781
143,1727262972.391232,-0.009571632370352745,-0.30629223585128784,-9.569239616394043,-0.3499999940395355,-1.6800000667572021,-1.2599999904632568,-30.750001907348633,-98.10000610351562,112.6500015258789
144,1727262972.3893409,0.0023929080925881863,-0.27518442273139954,-9.530953407287598,-0.3499999940395355,-1.6800000667572021,-1.2599999904632568,-30.600000381469727,-99.9000015258789,112.05000305175781
145,1727262972.4149818,0.009571632370352745,-0.260826975107193,-9.533346176147461,-0.3499999940395355,-1.75,-1.2599999904632568,-28.950000762939453,-97.35000610351562,111.75000762939453
146,1727262972.440623,0.04546525329351425,-0.3110780417919159,-9.530953407287598,-0.3499999940395355,-1.8899999856948853,-1.2599999904632568,-30.900001525878906,-97.80000305175781,112.20000457763672
147,1727262972.466264,0.028714897111058235,-0.26561281085014343,-9.564454078674316,-0.3499999940395355,-1.8899999856948853,-1.399999976158142,-29.400001525878906,-98.4000015258789,112.20000457763672
148,1727262972.4642339,0.01914326474070549,-0.31586387753486633,-9.516595840454102,-0.2800000011920929,-1.8200000524520874,-1.3300000429153442,-28.650001525878906,-97.80000305175781,112.20000457763672
149,1727262972.4898748,0.021536173298954964,-0.30629223585128784,-9.55727481842041,-0.2800000011920929,-1.8200000524520874,-1.3300000429153442,-30.600000381469727,-98.55000305175781,112.20000457763672
150,1727262972.515516,0.035893622785806656,-0.27997025847435,-9.55009651184082,-0.3499999940395355,-1.8899999856948853,-1.399999976158142,-30.150001525878906,-97.20000457763672,110.70000457763672
151,1727262972.541157,0.0023929080925881863,-0.3110780417919159,-9.535738945007324,-0.2800000011920929,-1.8899999856948853,-1.3300000429153442,-30.30000114440918,-99.00000762939453,112.35000610351562
152,1727262972.539533,0.03350071236491203,-0.2895418703556061,-9.530953407287598,-0.2800000011920929,-1.8899999856948853,-1.399999976158142,-31.80000114440918,-98.55000305175781,111.45000457763672
153,1727262972.5651739,0.0,-0.260826975107193,-9.552489280700684,-0.3499999940395355,-1.75,-1.4700000286102295,-30.450000762939453,-98.85000610351562,112.50000762939453
154,1727262972.590815,0.011964540928602219,-0.2823631465435028,-9.545310020446777,-0.2800000011920929,-1.8899999856948853,-1.399999976158142,-31.500001907348633,-97.05000305175781,112.95000457763672
155,1727262972.616456,0.03110780566930771,-0.3038993179798126,-9.569239616394043,-0.3499999940395355,-1.8899999856948853,-1.399999976158142,-31.350000381469727,-98.85000610351562,110.85000610351562
156,1727262972.629597,0.01914326474070549,-0.2703986167907715,-9.526166915893555,-0.3499999940395355,-1.8200000524520874,-1.3300000429153442,-30.000001907348633,-98.85000610351562,112.50000762939453
157,1727262972.655238,0.03828652948141098,-0.2895418703556061,-9.55009651184082,-0.3499999940395355,-1.8899999856948853,-1.4700000286102295,-30.000001907348633,-98.70000457763672,112.20000457763672
158,1727262972.680879,0.01914326474070549,-0.2823631465435028,-9.528559684753418,-0.2800000011920929,-1.8200000524520874,-1.3300000429153442,-31.350000381469727,-97.6500015258789,111.45000457763672
159,1727262972.70652,0.014357448555529118,-0.31825676560401917,-9.547703742980957,-0.21000000834465027,-1.8200000524520874,-1.3300000429153442,-32.25,-98.4000015258789,112.05000305175781
160,1727262972.7041428,0.02632198855280876,-0.26800569891929626,-9.499845504760742,-0.21000000834465027,-1.75,-1.190000057220459,-30.750001907348633,-99.75000762939453,113.4000015258789
161,1727262972.7297838,-0.011964540928602219,-0.24886244535446167,-9.533346176147461,-0.3499999940395355,-1.8899999856948853,-1.3300000429153442,-30.600000381469727,-98.4000015258789,110.85000610351562
162,1727262972.755425,0.007178724277764559,-0.27997025847435,-9.526166915893555,-0.3499999940395355,-1.8200000524520874,-1.3300000429153442,-30.30000114440918,-98.70000457763672,111.75000762939453
163,1727262972.781066,0.016750356182456017,-0.2512553632259369,-9.569239616394043,-0.3499999940395355,-1.6100000143051147,-1.3300000429153442,-30.900001525878906,-98.70000457763672,112.80000305175781
164,1727262972.7794788,-0.007178724277764559,-0.29672059416770935,-9.552489280700684,-0.3499999940395355,-1.75,-1.3300000429153442,-30.750001907348633,-96.60000610351562,113.55000305175781
165,1727262972.8051198,0.028714897111058235,-0.2919347882270813,-9.518988609313965,-0.42000001668930054,-1.8899999856948853,-1.399999976158142,-31.650001525878906,-99.1500015258789,112.95000457763672
166,1727262972.830761,0.03828652948141098,-0.3015064299106598,-9.538131713867188,-0.3499999940395355,-1.6800000667572021,-1.399999976158142,-30.150001525878906,-98.10000610351562,113.85000610351562
167,1727262972.856402,0.01914326474070549,-0.2943277060985565,-9.552489280700684,-0.42000001668930054,-1.6800000667572021,-1.3300000429153442,-30.750001907348633,-100.05000305175781,111.75000762939453
168,1727262972.854035,-0.023929081857204437,-0.2727915346622467,-9.54052448272705,-0.3499999940395355,-1.8200000524520874,-1.399999976158142,-30.150001525878906,-98.70000457763672,112.05000305175781
169,1727262972.8796759,0.06939433515071869,-0.27757734060287476,-9.514202117919922,-0.2800000011920929,-1.75,-1.399999976158142,-28.200000762939453,-99.30000305175781,112.05000305175781
170,1727262972.905317,0.011964540928602219,-0.2703986167907715,-9.526166915893555,-0.2800000011920929,-1.75,-1.3300000429153442,-31.500001907348633,-97.95000457763672,112.6500015258789
171,1727262972.930958,-0.007178724277764559,-0.2919347882270813,-9.547703742980957,-0.3499999940395355,-1.8200000524520874,-1.3300000429153442,-30.450000762939453,-97.50000762939453,113.25000762939453
172,1727262972.9888718,0.04307234659790993,-0.2632198929786682,-9.523774147033691,-0.42000001668930054,-1.8200000524520874,-1.3300000429153442,-31.05000114440918,-98.55000305175781,112.80000305175781
173,1727262973.0145128,0.0,-0.3134709596633911,-9.459165573120117,-0.3499999940395355,-1.75,-1.3300000429153442,-30.750001907348633,-97.6500015258789,112.20000457763672
174,1727262973.040154,0.014357448555529118,-0.29672059416770935,-9.578810691833496,-0.2800000011920929,-1.8200000524520874,-1.2599999904632568,-30.150001525878906,-99.00000762939453,112.80000305175781
175,1727262973.065795,0.007178724277764559,-0.30868515372276306,-9.554882049560547,-0.2800000011920929,-1.8899999856948853,-1.3300000429153442,-30.750001907348633,-96.75000762939453,111.00000762939453
176,1727262973.0191648,-0.0047858161851763725,-0.26561281085014343,-9.545310020446777,-0.42000001668930054,-1.8200000524520874,-1.399999976158142,-30.750001907348633,-97.80000305175781,111.30000305175781
177,1727262973.0448058,0.016750356182456017,-0.2895418703556061,-9.533346176147461,-0.3499999940395355,-1.8200000524520874,-1.399999976158142,-29.100000381469727,-98.85000610351562,113.10000610351562
178,1727262973.070447,0.009571632370352745,-0.2823631465435028,-9.545310020446777,-0.42000001668930054,-1.8899999856948853,-1.3300000429153442,-30.450000762939453,-98.85000610351562,112.80000305175781
179,1727262973.096088,0.047858163714408875,-0.26561281085014343,-9.552489280700684,-0.3499999940395355,-1.8200000524520874,-1.3300000429153442,-30.000001907348633,-98.25000762939453,110.85000610351562
180,1727262973.09422,0.05742979422211647,-0.30868515372276306,-9.538131713867188,-0.3499999940395355,-1.8899999856948853,-1.399999976158142,-31.500001907348633,-97.80000305175781,111.60000610351562
181,1727262973.119861,0.02632198855280876,-0.28714898228645325,-9.57402515411377,-0.3499999940395355,-1.8899999856948853,-1.399999976158142,-30.600000381469727,-99.75000762939453,111.9000015258789
182,1727262973.145502,0.03350071236491203,-0.24407662451267242,-9.523774147033691,-0.2800000011920929,-1.75,-1.3300000429153442,-30.900001525878906,-97.35000610351562,110.55000305175781
183,1727262973.171143,0.0047858161851763725,-0.3206496834754944,-9.514202117919922,-0.3499999940395355,-1.75,-1.3300000429153442,-30.30000114440918,-98.85000610351562,112.80000305175781
184,1727262973.1691859,-0.007178724277764559,-0.2727915346622467,-9.545310020446777,-0.3499999940395355,-1.75,-1.3300000429153442,-31.500001907348633,-98.70000457763672,111.45000457763672
185,1727262973.1948268,0.03110780566930771,-0.29672059416770935,-9.533346176147461,-0.2800000011920929,-1.8200000524520874,-1.3300000429153442,-30.900001525878906,-97.20000457763672,112.80000305175781
186,1727262973.220468,0.009571632370352745,-0.3134709596633911,-9.55727481842041,-0.3499999940395355,-1.75,-1.3300000429153442,-29.850000381469727,-98.10000610351562,112.80000305175781
187,1727262973.246109,0.023929081857204437,-0.27757734060287476,-9.490273475646973,-0.42000001668930054,-1.8200000524520874,-1.399999976158142,-32.10000228881836,-99.00000762939453,112.05000305175781
188,1727262973.3045418,-0.007178724277764559,-0.3110780417919159,-9.502238273620605,-0.42000001668930054,-1.8200000524520874,-1.399999976158142,-30.30000114440918,-98.85000610351562,113.4000015258789
189,1727262973.3301828,0.03110780566930771,-0.2727915346622467,-9.569239616394043,-0.3499999940395355,-1.6800000667572021,-1.3300000429153442,-30.150001525878906,-98.4000015258789,111.9000015258789
190,1727262973.355824,0.040679436177015305,-0.31586387753486633,-9.552489280700684,-0.3499999940395355,-1.75,-1.3300000429153442,-30.900001525878906,-98.4000015258789,112.50000762939453
191,1727262973.381465,0.014357448555529118,-0.27518442273139954,-9.511809349060059,-0.3499999940395355,-1.8200000524520874,-1.399999976158142,-30.150001525878906,-96.75000762939453,111.1500015258789
192,1727262973.3345559,0.03110780566930771,-0.26561281085014343,-9.57402515411377,-0.21000000834465027,-1.8200000524520874,-1.3300000429153442,-29.850000381469727,-98.4000015258789,112.35000610351562
193,1727262973.3601968,0.016750356182456017,-0.31586387753486633,-9.552489280700684,-0.2800000011920929,-1.75,-1.399999976158142,-30.600000381469727,-98.70000457763672,112.80000305175781
194,1727262973.385838,0.03828652948141098,-0.28714898228645325,-9.538131713867188,-0.42000001668930054,-1.75,-1.3300000429153442,-30.150001525878906,-98.55000305175781,109.95000457763672
195,1727262973.411479,0.0,-0.2703986167907715,-9.552489280700684,-0.49000000953674316,-1.75,-1.399999976158142,-30.900001525878906,-97.35000610351562,111.1500015258789
196,1727262973.4092069,0.014357448555529118,-0.260826975107193,-9.533346176147461,-0.42000001668930054,-1.8200000524520874,-1.3300000429153442,-31.350000381469727,-98.55000305175781,112.50000762939453
197,1727262973.4348478,0.03110780566930771,-0.28714898228645325,-9.502238273620605,-0.3499999940395355,-1.8899999856948853,-1.3300000429153442,-29.100000381469727,-98.70000457763672,111.75000762939453
198,1727262973.460489,0.01914326474070549,-0.26561281085014343,-9.542917251586914,-0.3499999940395355,-1.8899999856948853,-1.3300000429153442,-29.250001907348633,-97.6500015258789,113.10000610351562
199,1727262973.48613,0.021536173298954964,-0.2823631465435028,-9.523774147033691,-0.3499999940395355,-1.8200000524520874,-1.3300000429153442,-31.200000762939453,-99.1500015258789,112.50000762939453
200,1727262973.4843,0.021536173298954964,-0.284756064414978,-9.547703742980957,-0.3499999940395355,-1.8200000524520874,-1.2599999904632568,-30.30000114440918,-98.25000762939453,111.9000015258789
201,1727262973.5099409,0.0047858161851763725,-0.26561281085014343,-9.490273475646973,-0.3499999940395355,-1.75,-1.2599999904632568,-31.05000114440918,-99.45000457763672,111.75000762939453
202,1727262973.535582,0.0502510704100132,-0.260826975107193,-9.585989952087402,-0.3499999940395355,-1.8899999856948853,-1.3300000429153442,-30.000001907348633,-97.35000610351562,112.50000762939453
203,1727262973.561223,0.0,-0.27997025847435,-9.507023811340332,-0.3499999940395355,-1.9600000381469727,-1.399999976158142,-31.650001525878906,-97.6500015258789,111.9000015258789
204,1727262973.619598,0.03110780566930771,-0.2943277060985565,-9.547703742980957,-0.3499999940395355,-1.8899999856948853,-1.399999976158142,-31.500001907348633,-99.00000762939453,112.6500015258789
205,1727262973.6452389,0.035893622785806656,-0.28714898228645325,-9.576417922973633,-0.2800000011920929,-1.8200000524520874,-1.399999976158142,-30.000001907348633,-99.75000762939453,111.9000015258789
206,1727262973.67088,0.007178724277764559,-0.28714898228645325,-9.533346176147461,-0.3499999940395355,-1.8200000524520874,-1.3300000429153442,-31.80000114440918,-98.4000015258789,111.45000457763672
207,1727262973.696521,0.016750356182456017,-0.3038993179798126,-9.545310020446777,-0.3499999940395355,-1.75,-1.2599999904632568,-30.750001907348633,-98.4000015258789,112.6500015258789
208,1727262973.649145,0.03110780566930771,-0.2727915346622467,-9.559667587280273,-0.3499999940395355,-1.75,-1.3300000429153442,-30.30000114440918,-98.55000305175781,112.35000610351562
209,1727262973.6747859,-0.009571632370352745,-0.27997025847435,-9.576417922973633,-0.42000001668930054,-1.75,-1.2599999904632568,-30.150001525878906,-99.00000762939453,111.30000305175781
210,1727262973.700427,0.009571632370352745,-0.260826975107193,-9.521381378173828,-0.42000001668930054,-1.8200000524520874,-1.399999976158142,-30.750001907348633,-97.80000305175781,113.25000762939453
211,1727262973.726068,0.0047858161851763725,-0.2823631465435028,-9.55727481842041,-0.3499999940395355,-1.8899999856948853,-1.399999976158142,-30.30000114440918,-98.25000762939453,111.60000610351562
212,1727262973.7240298,0.040679436177015305,-0.27757734060287476,-9.554882049560547,-0.3499999940395355,-1.8200000524520874,-1.399999976158142,-30.750001907348633,-98.55000305175781,112.50000762939453
213,1727262973.7496707,0.03110780566930771,-0.24646952748298645,-9.554882049560547,-0.3499999940395355,-1.8200000524520874,-1.399999976158142,-30.900001525878906,-98.70000457763672,111.75000762939453
214,1727262973.775312,0.016750356182456017,-0.3015064299106598,-9.511809349060059,-0.3499999940395355,-1.8200000524520874,-1.3300000429153442,-29.100000381469727,-97.50000762939453,111.9000015258789
215,1727262973.800953,0.014357448555529118,-0.284756064414978,-9.55009651184082,-0.2800000011920929,-1.8899999856948853,-1.3300000429153442,-31.80000114440918,-97.35000610351562,111.30000305175781
216,1727262973.7992258,-0.0047858161851763725,-0.25604116916656494,-9.542917251586914,-0.2800000011920929,-1.8200000524520874,-1.3300000429153442,-31.950000762939453,-99.75000762939453,112.35000610351562
217,1727262973.8248668,0.028714897111058235,-0.27997025847435,-9.57402515411377,-0.42000001668930054,-1.75,-1.3300000429153442,-30.900001525878906,-96.45000457763672,111.30000305175781
218,1727262973.850508,-0.007178724277764559,-0.2919347882270813,-9.559667587280273,-0.3499999940395355,-1.8200000524520874,-1.4700000286102295,-29.250001907348633,-97.6500015258789,110.4000015258789
219,1727262973.876149,0.0047858161851763725,-0.27997025847435,-9.528559684753418,-0.3499999940395355,-1.8200000524520874,-1.399999976158142,-30.450000762939453,-98.55000305175781,112.35000610351562
220,1727262973.934758,0.0502510704100132,-0.30868515372276306,-9.562060356140137,-0.3499999940395355,-1.8200000524520874,-1.3300000429153442,-29.55000114440918,-98.4000015258789,111.60000610351562
221,1727262973.960399,0.014357448555529118,-0.3206496834754944,-9.564454078674316,-0.3499999940395355,-1.8200000524520874,-1.3300000429153442,-31.650001525878906,-99.45000457763672,111.45000457763672
222,1727262973.98604,0.016750356182456017,-0.3038993179798126,-9.545310020446777,-0.3499999940395355,-1.8200000524520874,-1.3300000429153442,-30.30000114440918,-98.10000610351562,112.50000762939453
223,1727262974.011681,0.011964540928602219,-0.27997025847435,-9.523774147033691,-0.49000000953674316,-1.8200000524520874,-1.399999976158142,-30.900001525878906,-98.55000305175781,112.05000305175781
224,1727262973.979168,-0.014357448555529118,-0.26561281085014343,-9.576417922973633,-0.3499999940395355,-1.8899999856948853,-1.399999976158142,-30.600000381469727,-98.70000457763672,112.35000610351562
225,1727262974.004809,0.0047858161851763725,-0.3110780417919159,-9.545310020446777,-0.3499999940395355,-1.8200000524520874,-1.4700000286102295,-30.30000114440918,-98.4000015258789,112.20000457763672
226,1727262974.03045,0.0023929080925881863,-0.2727915346622467,-9.535738945007324,-0.2800000011920929,-1.75,-1.399999976158142,-29.700000762939453,-98.10000610351562,111.60000610351562
227,1727262974.056091,0.01914326474070549,-0.2703986167907715,-9.533346176147461,-0.3499999940395355,-1.75,-1.3300000429153442,-30.450000762939453,-98.85000610351562,112.6500015258789
228,1727262974.039233,0.035893622785806656,-0.31586387753486633,-9.538131713867188,-0.3499999940395355,-1.75,-1.3300000429153442,-31.05000114440918,-97.50000762939453,112.50000762939453
229,1727262974.064874,0.011964540928602219,-0.29911351203918457,-9.523774147033691,-0.2800000011920929,-1.8200000524520874,-1.3300000429153442,-30.750001907348633,-99.1500015258789,111.45000457763672
230,1727262974.0905151,0.05264397710561752,-0.27997025847435,-9.523774147033691,-0.3499999940395355,-1.8200000524520874,-1.3300000429153442,-29.100000381469727,-97.6500015258789,111.9000015258789
231,1727262974.116156,0.0023929080925881863,-0.26800569891929626,-9.585989952087402,-0.42000001668930054,-1.8200000524520874,-1.3300000429153442,-31.200000762939453,-97.35000610351562,111.75000762939453
232,1727262974.1146579,0.007178724277764559,-0.284756064414978,-9.530953407287598,-0.42000001668930054,-1.8899999856948853,-1.2599999904632568,-30.000001907348633,-97.6500015258789,113.10000610351562
233,1727262974.1402988,0.03350071236491203,-0.27518442273139954,-9.55009651184082,-0.3499999940395355,-1.9600000381469727,-1.3300000429153442,-29.100000381469727,-98.10000610351562,111.75000762939453
234,1727262974.16594,0.011964540928602219,-0.29672059416770935,-9.526166915893555,-0.3499999940395355,-1.8899999856948853,-1.3300000429153442,-30.600000381469727,-98.25000762939453,112.05000305175781
235,1727262974.191581,0.009571632370352745,-0.2823631465435028,-9.547703742980957,-0.3499999940395355,-1.8200000524520874,-1.399999976158142,-30.150001525878906,-98.70000457763672,112.20000457763672
236,1727262974.249445,0.040679436177015305,-0.26800569891929626,-9.54052448272705,-0.3499999940395355,-1.8200000524520874,-1.3300000429153442,-30.600000381469727,-97.35000610351562,111.30000305175781
237,1727262974.275086,0.035893622785806656,-0.28714898228645325,-9.535738945007324,-0.3499999940395355,-1.8899999856948853,-1.3300000429153442,-31.200000762939453,-98.10000610351562,110.4000015258789
238,1727262974.3007271,0.0,-0.27757734060287476,-9.54052448272705,-0.3499999940395355,-1.8899999856948853,-1.3300000429153442,-31.05000114440918,-98.4000015258789,112.80000305175781
239,1727262974.326368,0.023929081857204437,-0.2727915346622467,-9.523774147033691,-0.2800000011920929,-1.8200000524520874,-1.399999976158142,-30.900001525878906,-98.55000305175781,112.05000305175781
240,1727262974.279197,0.0047858161851763725,-0.3110780417919159,-9.552489280700684,-0.2800000011920929,-1.8200000524520874,-1.190000057220459,-30.450000762939453,-98.55000305175781,113.4000015258789
241,1727262974.304838,0.03110780566930771,-0.28714898228645325,-9.523774147033691,-0.3499999940395355,-1.8200000524520874,-1.190000057220459,-30.30000114440918,-98.55000305175781,112.35000610351562
242,1727262974.3304791,0.0047858161851763725,-0.2416837215423584,-9.569239616394043,-0.21000000834465027,-1.8899999856948853,-1.3300000429153442,-30.450000762939453,-98.55000305175781,111.45000457763672
243,1727262974.35612,0.01914326474070549,-0.27518442273139954,-9.55727481842041,-0.2800000011920929,-1.8200000524520874,-1.399999976158142,-30.000001907348633,-100.05000305175781,111.1500015258789
244,1727262974.354662,-0.007178724277764559,-0.2823631465435028,-9.547703742980957,-0.2800000011920929,-1.75,-1.3300000429153442,-31.500001907348633,-97.6500015258789,112.20000457763672
245,1727262974.380303,0.0023929080925881863,-0.28714898228645325,-9.538131713867188,-0.2800000011920929,-1.6800000667572021,-1.3300000429153442,-30.000001907348633,-99.00000762939453,112.20000457763672
246,1727262974.405944,0.011964540928602219,-0.2823631465435028,-9.545310020446777,-0.2800000011920929,-1.75,-1.2599999904632568,-29.55000114440918,-99.30000305175781,112.05000305175781
247,1727262974.431585,0.007178724277764559,-0.260826975107193,-9.55727481842041,-0.2800000011920929,-1.8899999856948853,-1.2599999904632568,-30.30000114440918,-97.05000305175781,112.35000610351562
248,1727262974.4452808,0.01914326474070549,-0.284756064414978,-9.518988609313965,-0.3499999940395355,-1.8200000524520874,-1.190000057220459,-30.30000114440918,-97.05000305175781,111.60000610351562
249,1727262974.4709218,0.0,-0.2703986167907715,-9.533346176147461,-0.3499999940395355,-1.6800000667572021,-1.2599999904632568,-28.500001907348633,-99.45000457763672,112.6500015258789
250,1727262974.496563,0.023929081857204437,-0.31825676560401917,-9.528559684753418,-0.2800000011920929,-1.8200000524520874,-1.2599999904632568,-31.500001907348633,-99.00000762939453,112.05000305175781
251,1727262974.522204,0.02632198855280876,-0.2823631465435028,-9.588382720947266,-0.3499999940395355,-1.8200000524520874,-1.3300000429153442,-30.000001907348633,-98.25000762939453,111.75000762939453
252,1727262974.5199728,-0.01914326474070549,-0.29911351203918457,-9.55009651184082,-0.42000001668930054,-1.75,-1.3300000429153442,-29.700000762939453,-96.75000762939453,113.4000015258789
253,1727262974.5456138,-0.0023929080925881863,-0.31586387753486633,-9.576417922973633,-0.3499999940395355,-1.8899999856948853,-1.399999976158142,-30.000001907348633,-97.95000457763672,109.95000457763672
254,1727262974.571255,0.0023929080925881863,-0.2727915346622467,-9.526166915893555,-0.3499999940395355,-1.8200000524520874,-1.3300000429153442,-30.600000381469727,-98.85000610351562,111.75000762939453
255,1727262974.596896,0.05264397710561752,-0.284756064414978,-9.507023811340332,-0.3499999940395355,-1.8899999856948853,-1.2599999904632568,-30.30000114440918,-98.85000610351562,112.50000762939453
256,1727262974.5945508,0.023929081857204437,-0.27997025847435,-9.523774147033691,-0.2800000011920929,-1.8899999856948853,-1.190000057220459,-29.400001525878906,-98.55000305175781,111.9000015258789
257,1727262974.6201918,0.03110780566930771,-0.2512553632259369,-9.559667587280273,-0.3499999940395355,-1.75,-1.3300000429153442,-30.450000762939453,-97.80000305175781,111.75000762939453
258,1727262974.645833,0.007178724277764559,-0.2895418703556061,-9.56684684753418,-0.42000001668930054,-1.75,-1.3300000429153442,-30.150001525878906,-97.6500015258789,112.6500015258789
259,1727262974.671474,0.014357448555529118,-0.29911351203918457,-9.514202117919922,-0.42000001668930054,-1.8200000524520874,-1.3300000429153442,-30.600000381469727,-97.6500015258789,111.30000305175781
260,1727262974.6694129,0.023929081857204437,-0.29911351203918457,-9.516595840454102,-0.42000001668930054,-1.6800000667572021,-1.2599999904632568,-30.750001907348633,-99.45000457763672,112.80000305175781
261,1727262974.6950538,-0.007178724277764559,-0.2703986167907715,-9.55009651184082,-0.3499999940395355,-1.75,-1.2599999904632568,-30.450000762939453,-98.70000457763672,111.75000762939453
262,1727262974.720695,0.021536173298954964,-0.26800569891929626,-9.535738945007324,-0.3499999940395355,-1.6800000667572021,-1.399999976158142,-28.950000762939453,-98.85000610351562,110.4000015258789
263,1727262974.746336,0.0502510704100132,-0.2895418703556061,-9.564454078674316,-0.3499999940395355,-1.6800000667572021,-1.2599999904632568,-29.850000381469727,-99.1500015258789,113.10000610351562
264,1727262974.759404,0.03828652948141098,-0.2919347882270813,-9.514202117919922,-0.3499999940395355,-1.75,-1.190000057220459,-30.750001907348633,-98.70000457763672,110.55000305175781
265,1727262974.785045,-0.009571632370352745,-0.31586387753486633,-9.530953407287598,-0.49000000953674316,-1.8200000524520874,-1.3300000429153442,-32.10000228881836,-97.6500015258789,111.9000015258789
266,1727262974.810686,-0.03828652948141098,-0.26561281085014343,-9.533346176147461,-0.42000001668930054,-1.8200000524520874,-1.3300000429153442,-30.000001907348633,-98.70000457763672,112.95000457763672
267,1727262974.836327,-0.02632198855280876,-0.25843408703804016,-9.507023811340332,-0.3499999940395355,-1.8200000524520874,-1.3300000429153442,-30.900001525878906,-97.6500015258789,112.80000305175781
268,1727262974.8344128,-0.009571632370352745,-0.26800569891929626,-9.54052448272705,-0.3499999940395355,-1.8200000524520874,-1.3300000429153442,-29.400001525878906,-97.35000610351562,111.9000015258789
269,1727262974.8600538,0.06221561133861542,-0.2943277060985565,-9.545310020446777,-0.2800000011920929,-1.8200000524520874,-1.3300000429153442,-30.30000114440918,-98.10000610351562,111.30000305175781
270,1727262974.885695,0.01914326474070549,-0.31586387753486633,-9.535738945007324,-0.2800000011920929,-1.8200000524520874,-1.3300000429153442,-29.55000114440918,-98.4000015258789,111.60000610351562
271,1727262974.911336,0.03350071236491203,-0.29672059416770935,-9.564454078674316,-0.2800000011920929,-1.8200000524520874,-1.2599999904632568,-30.900001525878906,-96.9000015258789,111.60000610351562
272,1727262974.9098418,-0.007178724277764559,-0.31825676560401917,-9.545310020446777,-0.2800000011920929,-1.75,-1.3300000429153442,-30.150001525878906,-97.6500015258789,111.60000610351562
273,1727262974.9354827,-0.007178724277764559,-0.29911351203918457,-9.507023811340332,-0.3499999940395355,-1.8200000524520874,-1.2599999904632568,-30.600000381469727,-98.55000305175781,112.20000457763672
274,1727262974.961124,0.016750356182456017,-0.2703986167907715,-9.54052448272705,-0.3499999940395355,-1.8899999856948853,-1.399999976158142,-29.700000762939453,-98.70000457763672,112.80000305175781
275,1727262974.986765,0.023929081857204437,-0.284756064414978,-9.535738945007324,-0.42000001668930054,-1.8200000524520874,-1.399999976158142,-30.900001525878906,-97.50000762939453,110.55000305175781
276,1727262974.9842098,0.007178724277764559,-0.2727915346622467,-9.509416580200195,-0.3499999940395355,-1.75,-1.399999976158142,-29.850000381469727,-99.00000762939453,113.10000610351562
277,1727262975.0098507,0.007178724277764559,-0.28714898228645325,-9.538131713867188,-0.3499999940395355,-1.8200000524520874,-1.3300000429153442,-31.80000114440918,-99.1500015258789,112.35000610351562
278,1727262975.035492,0.040679436177015305,-0.31586387753486633,-9.552489280700684,-0.3499999940395355,-1.75,-1.2599999904632568,-29.700000762939453,-97.6500015258789,111.75000762939453
279,1727262975.061133,-0.009571632370352745,-0.2919347882270813,-9.56684684753418,-0.3499999940395355,-1.75,-1.3300000429153442,-29.55000114440918,-98.25000762939453,112.80000305175781
280,1727262975.0742738,0.023929081857204437,-0.2943277060985565,-9.530953407287598,-0.3499999940395355,-1.8200000524520874,-1.399999976158142,-30.000001907348633,-98.4000015258789,112.50000762939453
281,1727262975.0999148,0.009571632370352745,-0.26561281085014343,-9.564454078674316,-0.3499999940395355,-1.8200000524520874,-1.3300000429153442,-30.30000114440918,-99.00000762939453,112.50000762939453
282,1727262975.125556,-0.02632198855280876,-0.2703986167907715,-9.523774147033691,-0.3499999940395355,-1.8200000524520874,-1.399999976158142,-30.600000381469727,-98.70000457763672,112.6500015258789
283,1727262975.151197,0.0023929080925881863,-0.2727915346622467,-9.554882049560547,-0.3499999940395355,-1.8899999856948853,-1.3300000429153442,-30.30000114440918,-97.50000762939453,111.1500015258789
284,1727262975.1497538,0.05742979422211647,-0.29911351203918457,-9.509416580200195,-0.21000000834465027,-1.8200000524520874,-1.2599999904632568,-31.200000762939453,-99.30000305175781,110.85000610351562
285,1727262975.1753948,0.02632198855280876,-0.3110780417919159,-9.54052448272705,-0.3499999940395355,-1.8899999856948853,-1.3300000429153442,-29.850000381469727,-99.45000457763672,112.95000457763672
286,1727262975.201036,0.028714897111058235,-0.31586387753486633,-9.55727481842041,-0.3499999940395355,-1.75,-1.399999976158142,-32.10000228881836,-95.25,112.95000457763672
287,1727262975.226677,0.0047858161851763725,-0.3038993179798126,-9.542917251586914,-0.3499999940395355,-1.8899999856948853,-1.399999976158142,-30.600000381469727,-98.70000457763672,113.85000610351562
288,1727262975.224305,0.0047858161851763725,-0.27757734060287476,-9.54052448272705,-0.42000001668930054,-1.8200000524520874,-1.399999976158142,-30.30000114440918,-99.00000762939453,112.6500015258789
289,1727262975.2499459,0.028714897111058235,-0.3015064299106598,-9.518988609313965,-0.42000001668930054,-1.8200000524520874,-1.399999976158142,-30.750001907348633,-98.10000610351562,111.45000457763672
290,1727262975.275587,0.03828652948141098,-0.2919347882270813,-9.55009651184082,-0.3499999940395355,-1.8200000524520874,-1.399999976158142,-32.70000076293945,-97.80000305175781,112.50000762939453
291,1727262975.301228,0.03110780566930771,-0.25843408703804016,-9.583597183227539,-0.2800000011920929,-1.8899999856948853,-1.3300000429153442,-31.05000114440918,-99.1500015258789,112.05000305175781
292,1727262975.29931,0.014357448555529118,-0.2632198929786682,-9.530953407287598,-0.3499999940395355,-1.8200000524520874,-1.3300000429153442,-29.55000114440918,-99.1500015258789,112.20000457763672
293,1727262975.324951,0.03828652948141098,-0.2632198929786682,-9.547703742980957,-0.2800000011920929,-1.8200000524520874,-1.2599999904632568,-30.450000762939453,-99.00000762939453,113.70000457763672
294,1727262975.3505921,-0.01914326474070549,-0.29672059416770935,-9.528559684753418,-0.21000000834465027,-1.75,-1.3300000429153442,-30.30000114440918,-97.80000305175781,112.05000305175781
295,1727262975.376233,0.014357448555529118,-0.30629223585128784,-9.514202117919922,-0.2800000011920929,-1.6800000667572021,-1.4700000286102295,-31.950000762939453,-99.60000610351562,112.6500015258789
296,1727262975.4347339,0.01914326474070549,-0.31825676560401917,-9.55727481842041,-0.3499999940395355,-1.6800000667572021,-1.3300000429153442,-31.950000762939453,-98.10000610351562,111.9000015258789
297,1727262975.4603748,0.016750356182456017,-0.27997025847435,-9.559667587280273,-0.3499999940395355,-1.8200000524520874,-1.2599999904632568,-30.450000762939453,-99.1500015258789,112.6500015258789
298,1727262975.486016,0.023929081857204437,-0.2823631465435028,-9.509416580200195,-0.3499999940395355,-1.8200000524520874,-1.399999976158142,-29.400001525878906,-98.70000457763672,112.95000457763672
299,1727262975.511657,0.02632198855280876,-0.2632198929786682,-9.518988609313965,-0.3499999940395355,-1.6800000667572021,-1.3300000429153442,-31.650001525878906,-99.00000762939453,113.70000457763672
300,1727262975.464496,0.01914326474070549,-0.27997025847435,-9.559667587280273,-0.3499999940395355,-1.6800000667572021,-1.2599999904632568,-31.05000114440918,-98.55000305175781,111.75000762939453
301,1727262975.4901369,0.023929081857204437,-0.28714898228645325,-9.526166915893555,-0.42000001668930054,-1.6800000667572021,-1.3300000429153442,-30.000001907348633,-98.10000610351562,112.05000305175781
302,1727262975.515778,-0.011964540928602219,-0.2727915346622467,-9.562060356140137,-0.3499999940395355,-1.75,-1.3300000429153442,-30.150001525878906,-97.95000457763672,112.20000457763672
303,1727262975.541419,0.011964540928602219,-0.2703986167907715,-9.552489280700684,-0.2800000011920929,-1.8200000524520874,-1.3300000429153442,-29.850000381469727,-97.95000457763672,113.25000762939453
304,1727262975.5395448,0.03350071236491203,-0.260826975107193,-9.554882049560547,-0.3499999940395355,-1.8899999856948853,-1.2599999904632568,-29.400001525878906,-97.95000457763672,110.85000610351562
305,1727262975.5651858,0.0047858161851763725,-0.3110780417919159,-9.528559684753418,-0.42000001668930054,-1.8899999856948853,-1.3300000429153442,-30.750001907348633,-98.55000305175781,112.20000457763672
306,1727262975.590827,0.035893622785806656,-0.29672059416770935,-9.526166915893555,-0.3499999940395355,-1.8200000524520874,-1.3300000429153442,-30.750001907348633,-98.85000610351562,111.9000015258789
307,1727262975.616468,0.009571632370352745,-0.26561281085014343,-9.528559684753418,-0.3499999940395355,-1.8200000524520874,-1.190000057220459,-30.750001907348633,-98.55000305175781,112.05000305175781
308,1727262975.614637,0.01914326474070549,-0.25604116916656494,-9.514202117919922,-0.2800000011920929,-1.8200000524520874,-1.2599999904632568,-31.200000762939453,-97.95000457763672,112.80000305175781
309,1727262975.6402779,0.021536173298954964,-0.2823631465435028,-9.547703742980957,-0.3499999940395355,-1.8200000524520874,-1.3300000429153442,-30.450000762939453,-97.05000305175781,112.6500015258789
310,1727262975.665919,0.0502510704100132,-0.284756064414978,-9.562060356140137,-0.42000001668930054,-1.8200000524520874,-1.5399999618530273,-29.55000114440918,-96.45000457763672,111.00000762939453
311,1727262975.69156,0.023929081857204437,-0.3206496834754944,-9.509416580200195,-0.42000001668930054,-1.8200000524520874,-1.4700000286102295,-29.400001525878906,-96.9000015258789,112.20000457763672
312,1727262975.749635,0.03350071236491203,-0.2919347882270813,-9.504631042480469,-0.3499999940395355,-1.8899999856948853,-1.4700000286102295,-30.900001525878906,-99.75000762939453,112.50000762939453
313,1727262975.775276,-0.011964540928602219,-0.30868515372276306,-9.569239616394043,-0.2800000011920929,-1.75,-1.3300000429153442,-29.400001525878906,-99.1500015258789,112.05000305175781
314,1727262975.8009171,0.028714897111058235,-0.2919347882270813,-9.528559684753418,-0.2800000011920929,-1.8200000524520874,-1.3300000429153442,-30.30000114440918,-97.6500015258789,111.00000762939453
315,1727262975.826558,0.040679436177015305,-0.27997025847435,-9.516595840454102,-0.3499999940395355,-1.8200000524520874,-1.399999976158142,-28.80000114440918,-97.35000610351562,112.6500015258789
316,1727262975.779166,-0.011964540928602219,-0.2895418703556061,-9.564454078674316,-0.3499999940395355,-1.75,-1.3300000429153442,-30.750001907348633,-98.55000305175781,112.95000457763672
317,1727262975.804807,0.009571632370352745,-0.3015064299106598,-9.542917251586914,-0.3499999940395355,-1.75,-1.3300000429153442,-30.450000762939453,-99.30000305175781,113.25000762939453
318,1727262975.8304482,0.007178724277764559,-0.3206496834754944,-9.547703742980957,-0.3499999940395355,-1.8200000524520874,-1.399999976158142,-30.600000381469727,-97.80000305175781,112.80000305175781
319,1727262975.856089,0.0,-0.24646952748298645,-9.571632385253906,-0.3499999940395355,-1.6800000667572021,-1.399999976158142,-30.750001907348633,-99.30000305175781,110.4000015258789
320,1727262975.854239,0.01914326474070549,-0.2895418703556061,-9.55009651184082,-0.42000001668930054,-1.6800000667572021,-1.3300000429153442,-29.250001907348633,-98.10000610351562,112.80000305175781
321,1727262975.87988,-0.0023929080925881863,-0.260826975107193,-9.55009651184082,-0.3499999940395355,-1.8200000524520874,-1.2599999904632568,-31.350000381469727,-97.6500015258789,111.9000015258789
322,1727262975.9055212,0.021536173298954964,-0.2895418703556061,-9.54052448272705,-0.2800000011920929,-1.8899999856948853,-1.3300000429153442,-30.000001907348633,-97.6500015258789,113.10000610351562
323,1727262975.931162,0.04546525329351425,-0.2823631465435028,-9.516595840454102,-0.3499999940395355,-1.75,-1.2599999904632568,-30.600000381469727,-98.10000610351562,112.95000457763672
324,1727262975.9295328,0.014357448555529118,-0.3038993179798126,-9.511809349060059,-0.3499999940395355,-1.8899999856948853,-1.3300000429153442,-31.500001907348633,-97.95000457763672,112.35000610351562
325,1727262975.9551737,-0.01914326474070549,-0.2895418703556061,-9.514202117919922,-0.2800000011920929,-1.8200000524520874,-1.3300000429153442,-30.30000114440918,-98.10000610351562,112.05000305175781
326,1727262975.980815,0.0047858161851763725,-0.27757734060287476,-9.54052448272705,-0.2800000011920929,-1.75,-1.4700000286102295,-31.200000762939453,-98.4000015258789,112.20000457763672
327,1727262976.006456,0.028714897111058235,-0.2919347882270813,-9.554882049560547,-0.21000000834465027,-1.75,-1.4700000286102295,-31.05000114440918,-98.4000015258789,112.20000457763672
328,1727262976.0648289,0.04307234659790993,-0.2536482512950897,-9.542917251586914,-0.2800000011920929,-1.8200000524520874,-1.399999976158142,-31.650001525878906,-98.4000015258789,112.50000762939453
329,1727262976.0904698,0.0,-0.2536482512950897,-9.4950590133667,-0.2800000011920929,-1.8899999856948853,-1.3300000429153442,-31.05000114440918,-96.75000762939453,111.75000762939453
330,1727262976.116111,0.021536173298954964,-0.2919347882270813,-9.54052448272705,-0.3499999940395355,-1.8899999856948853,-1.399999976158142,-30.750001907348633,-98.25000762939453,113.25000762939453
331,1727262976.141752,0.007178724277764559,-0.2895418703556061,-9.583597183227539,-0.49000000953674316,-1.8200000524520874,-1.3300000429153442,-31.350000381469727,-98.55000305175781,113.10000610351562
332,1727262976.094266,0.040679436177015305,-0.27757734060287476,-9.576417922973633,-0.42000001668930054,-1.8200000524520874,-1.399999976158142,-30.150001525878906,-97.95000457763672,112.20000457763672
333,1727262976.119907,0.028714897111058235,-0.2512553632259369,-9.559667587280273,-0.3499999940395355,-1.75,-1.3300000429153442,-31.05000114440918,-97.95000457763672,112.50000762939453
334,1727262976.145548,0.021536173298954964,-0.2919347882270813,-9.559667587280273,-0.42000001668930054,-1.75,-1.190000057220459,-30.750001907348633,-98.70000457763672,111.60000610351562
335,1727262976.171189,-0.0047858161851763725,-0.27518442273139954,-9.552489280700684,-0.3499999940395355,-1.75,-1.2599999904632568,-31.350000381469727,-98.4000015258789,110.70000457763672
336,1727262976.1692548,-0.009571632370352745,-0.2895418703556061,-9.523774147033691,-0.3499999940395355,-1.75,-1.2599999904632568,-31.650001525878906,-98.70000457763672,112.20000457763672
337,1727262976.1948957,0.028714897111058235,-0.27518442273139954,-9.54052448272705,-0.42000001668930054,-1.75,-1.399999976158142,-30.000001907348633,-97.95000457763672,110.85000610351562
338,1727262976.220537,0.0023929080925881863,-0.3038993179798126,-9.509416580200195,-0.42000001668930054,-1.8200000524520874,-1.3300000429153442,-30.600000381469727,-97.50000762939453,111.1500015258789
339,1727262976.246178,0.03110780566930771,-0.28714898228645325,-9.523774147033691,-0.42000001668930054,-1.8200000524520874,-1.3300000429153442,-30.450000762939453,-97.6500015258789,111.60000610351562
340,1727262976.244402,0.03110780566930771,-0.2823631465435028,-9.55727481842041,-0.3499999940395355,-1.8200000524520874,-1.3300000429153442,-31.05000114440918,-99.60000610351562,112.35000610351562
341,1727262976.270043,0.014357448555529118,-0.2632198929786682,-9.545310020446777,-0.42000001668930054,-1.8899999856948853,-1.399999976158142,-31.500001907348633,-98.85000610351562,111.00000762939453
342,1727262976.295684,-0.016750356182456017,-0.3350071310997009,-9.538131713867188,-0.42000001668930054,-1.8200000524520874,-1.399999976158142,-30.000001907348633,-99.75000762939453,112.80000305175781
343,1727262976.321325,-0.007178724277764559,-0.30629223585128784,-9.509416580200195,-0.42000001668930054,-1.8200000524520874,-1.3300000429153442,-31.950000762939453,-97.50000762939453,111.1500015258789
344,1727262976.379227,0.014357448555529118,-0.27757734060287476,-9.535738945007324,-0.2800000011920929,-1.8200000524520874,-1.2599999904632568,-30.30000114440918,-99.60000610351562,111.60000610351562
345,1727262976.404868,0.03350071236491203,-0.260826975107193,-9.57402515411377,-0.3499999940395355,-1.8200000524520874,-1.2599999904632568,-30.750001907348633,-98.25000762939453,112.80000305175781
346,1727262976.430509,0.03350071236491203,-0.2919347882270813,-9.576417922973633,-0.3499999940395355,-1.75,-1.3300000429153442,-29.250001907348633,-97.6500015258789,113.25000762939453
347,1727262976.45615,-0.01914326474070549,-0.31825676560401917,-9.535738945007324,-0.3499999940395355,-1.75,-1.2599999904632568,-30.30000114440918,-98.4000015258789,111.00000762939453
348,1727262976.409189,0.03350071236491203,-0.27757734060287476,-9.535738945007324,-0.3499999940395355,-1.8200000524520874,-1.3300000429153442,-31.05000114440918,-99.30000305175781,109.6500015258789
349,1727262976.43483,0.016750356182456017,-0.27997025847435,-9.564454078674316,-0.2800000011920929,-1.8200000524520874,-1.3300000429153442,-29.250001907348633,-98.55000305175781,110.85000610351562
350,1727262976.4604712,0.028714897111058235,-0.3110780417919159,-9.528559684753418,-0.3499999940395355,-1.8899999856948853,-1.399999976158142,-30.450000762939453,-97.6500015258789,111.75000762939453
351,1727262976.486112,0.009571632370352745,-0.2895418703556061,-9.554882049560547,-0.42000001668930054,-1.8200000524520874,-1.399999976158142,-29.700000762939453,-97.35000610351562,112.95000457763672
352,1727262976.4846919,-0.007178724277764559,-0.32782840728759766,-9.518988609313965,-0.2800000011920929,-1.8899999856948853,-1.4700000286102295,-30.000001907348633,-98.70000457763672,110.70000457763672
353,1727262976.5103328,0.0023929080925881863,-0.27518442273139954,-9.564454078674316,-0.2800000011920929,-1.8200000524520874,-1.4700000286102295,-30.450000762939453,-98.55000305175781,110.70000457763672
354,1727262976.535974,-0.0023929080925881863,-0.2943277060985565,-9.509416580200195,-0.3499999940395355,-1.75,-1.4700000286102295,-31.350000381469727,-97.95000457763672,111.9000015258789
355,1727262976.561615,-0.01914326474070549,-0.2943277060985565,-9.581204414367676,-0.2800000011920929,-1.8200000524520874,-1.3300000429153442,-29.850000381469727,-98.4000015258789,112.50000762939453
356,1727262976.5586338,0.01914326474070549,-0.2703986167907715,-9.56684684753418,-0.3499999940395355,-1.8899999856948853,-1.3300000429153442,-28.950000762939453,-98.55000305175781,112.6500015258789
357,1727262976.5842748,-0.009571632370352745,-0.284756064414978,-9.530953407287598,-0.2800000011920929,-1.75,-1.399999976158142,-29.850000381469727,-99.60000610351562,112.20000457763672
358,1727262976.609916,-0.011964540928602219,-0.2703986167907715,-9.545310020446777,-0.2800000011920929,-1.8899999856948853,-1.399999976158142,-30.30000114440918,-98.70000457763672,113.25000762939453
359,1727262976.635557,0.007178724277764559,-0.2823631465435028,-9.554882049560547,-0.3499999940395355,-1.8200000524520874,-1.2599999904632568,-30.600000381469727,-97.05000305175781,112.20000457763672
