time,RU_qw,RU_qx,RU_qy,RU_qz,RF_qw,RF_qx,RF_qy,RF_qz
1726865370.8277378,0.14084394942234263,-0.7150242173218543,-0.13234059469543347,-0.6718551313713733,0.3631733351145641,-0.6636779798464999,-0.31391749557408666,-0.5736658205794787
1726865370.8533788,0.14046353900777006,-0.7150912607686163,-0.131986101318172,-0.6719331455141891,0.3631544134825916,-0.6636744038331858,-0.31391299673653467,-0.5736843976827928
1726865370.87902,0.13972263252323022,-0.7152212599591034,-0.13129561860451575,-0.6720845153688252,0.36311696218196293,-0.6636673309212717,-0.3139040838612209,-0.5737211620454886
1726865370.904661,0.1386594001341764,-0.7154065017775755,-0.1303046151292585,-0.6723003906326531,0.36306178396151834,-0.6636569222481762,-0.3138909320120024,-0.5737753161119731
1726865370.9027998,0.13732710453854455,-0.7156364975182563,-0.1290625875179494,-0.6725685974545899,0.36299012561075605,-0.6636434247115288,-0.3138738174766409,-0.5738456240565761
1726865370.9284408,0.1357897283831953,-0.7158990868911957,-0.12762900087758833,-0.6728747916135354,0.36290371623222695,-0.663627172386494,-0.3138531331523784,-0.5739303787268812
1726865370.954082,0.13411680532284256,-0.716181632206514,-0.12606848898452205,-0.6732037494734916,0.3628047958817766,-0.6636085827806951,-0.3138294048915285,-0.574027380505851
1726865370.979723,0.13237794783175186,-0.7164721404233286,-0.12444577168058828,-0.673540645273833,0.3626961151917991,-0.663588146901316,-0.3138033018132841,-0.5741339452496567
1726865370.9923158,0.13063759793509508,-0.7167601808851968,-0.1228207781463503,-0.6738721819148595,0.362580883997333,-0.663566414945724,-0.3137756300097883,-0.5742469586578167
1726865371.0179567,0.12895050569058186,-0.7170375148536837,-0.12124444572475261,-0.6741874767121486,0.3624626486708785,-0.6635439820638774,-0.31374729737507595,-0.5743629911259426
1726865371.043598,0.12735836248860136,-0.7172984064734589,-0.11975559250976156,-0.6744786443153664,0.36234508531815746,-0.6635214801025902,-0.31371923894451587,-0.5744784797573526
1726865371.069239,0.12588789014535923,-0.7175396314379149,-0.11837914504014936,-0.6747410573325552,0.3622317091613181,-0.6634995807735017,-0.31369229784301045,-0.5745899733422347
1726865371.096427,0.12455052417698143,-0.7177602323604138,-0.11712585078050446,-0.6749732963963145,0.36212551862226683,-0.6634790126652562,-0.3136670669839915,-0.574694422806548
1726865371.122068,0.12334365165557498,-0.7179610867251436,-0.11599343827857028,-0.675176824114272,0.3620286120749949,-0.6634605897439415,-0.3136437088394497,-0.5747894865088511
1726865371.1477091,0.12225319288830153,-0.7181443575393803,-0.11496902704482197,-0.6753554333707055,0.36194183211708975,-0.6634452432573656,-0.3136217825957987,-0.574873809495904
1726865371.17335,0.12125717320734455,-0.7183128936216869,-0.11403245498463897,-0.6755145327916932,0.36186450148333793,-0.663434044156733,-0.31360011606336496,-0.5749472313396259
1726865371.186802,0.12032983542713291,-0.7184696404142804,-0.113160101960472,-0.6756603420605278,0.3617943134295014,-0.6634282004023913,-0.3135767615466063,-0.5750108801569437
1726865371.2124429,0.11944580360452224,-0.71861711568464,-0.11232875208242339,-0.6757990770206511,0.3617274247952368,-0.6634290146951758,-0.3135490677780319,-0.575067121914583
1726865371.238084,0.11858382830888291,-0.7187569968846351,-0.11151905772283004,-0.6759362062041078,0.36165877411384423,-0.6634377931427492,-0.31351388502238126,-0.5751193525126096
1726865371.263725,0.11772971581162603,-0.7188898564283094,-0.11071823788768409,-0.6760758538347933,0.3615826128294163,-0.66345570415531,-0.3134678988539058,-0.5751716431738892
1726865371.2168798,0.11687815746678115,-0.7190150660346045,-0.1099217513233072,-0.6762204076397283,0.3614932013296359,-0.663483597696548,-0.3134080641853726,-0.5752282731956714
1726865371.2425208,0.11603331365547222,-0.7191308719850413,-0.10913381373546967,-0.6763703643564793,0.3613855894124914,-0.6635218059799699,-0.3133320891243106,-0.575293204096016
1726865371.268162,0.11520815443109193,-0.7192346219074683,-0.10836676503218609,-0.6765244149612502,0.36125637979714775,-0.6635699550093168,-0.31323890314933567,-0.5753695616024481
1726865371.293803,0.1144226987302729,-0.7193231047620839,-0.10763942051791289,-0.6766797411784137,0.3611043676030314,-0.6636268200132661,-0.31312903907111184,-0.5754591943374413
1726865371.365625,0.11370141379624069,-0.7193929527838869,-0.10697464917083248,-0.6768324699808613,0.3609309604145653,-0.66369025533361,-0.31300486506771596,-0.575562369542492
1726865371.391266,0.1130701245424109,-0.7194410498525531,-0.1063965023735262,-0.6769782175267534,0.3607403108622731,-0.6637572207562398,-0.31287062086359735,-0.5756776481794044
1726865371.416907,0.1125528312022589,-0.7194648951143596,-0.10592726104271684,-0.6771126496045009,0.3605391330396856,-0.6638239126910352,-0.3127322386539843,-0.5758019567464358
1726865371.442548,0.11216883810916255,-0.7194628815350917,-0.10558477371373229,-0.6772319908349597,0.36033621848855235,-0.6638859926729942,-0.3125969599278923,-0.5759308456939973
1726865371.381846,0.11193055281193932,-0.7194344633061944,-0.10538041867678967,-0.6773334272823438,0.3601417102062327,-0.6639388902552222,-0.31247278920343563,-0.5760588985371367
1726865371.407487,0.11184222679936073,-0.7193802004179198,-0.1053179426695193,-0.6774153633503551,0.3599662271094877,-0.6639781454195893,-0.31236784983096266,-0.5761802358096852
1726865371.433128,0.11189978300689231,-0.719301681629977,-0.10539331202902853,-0.6774775119122771,0.3598199513872972,-0.6639997492312928,-0.31228972154356416,-0.5762890467661747
1726865371.458769,0.11209172659958468,-0.719201338090197,-0.10559557379970652,-0.677520815112794,0.3597117946401331,-0.6640004413832743,-0.3122448423154313,-0.5763800804044177
1726865371.456936,0.11240098169913987,-0.7190821700327438,-0.10590858036021981,-0.6775472121263232,0.3596487446038188,-0.6639779296840184,-0.31223804723604776,-0.5764490361303777
1726865371.4825768,0.1128073626387422,-0.7189474187448461,-0.10631330518905753,-0.6775592882946794,0.35963546611779956,-0.6639310075077975,-0.3122722971014033,-0.5764928110938824
1726865371.508218,0.11329029647358817,-0.7188002245584486,-0.10679039088989721,-0.677559855889672,0.3596741915207528,-0.6638595593411226,-0.31234862171366745,-0.5765095835620391
1726865371.533859,0.11383138148628759,-0.7186433168494486,-0.10732254035595364,-0.6775515272420918,0.3597648934953513,-0.6637644592835179,-0.312466272416672,-0.5764987359937295
1726865371.531652,0.11441640391978602,-0.7184787806659574,-0.10789639714769554,-0.6775363427369563,0.3599056937769362,-0.6636473807803004,-0.31262304969787136,-0.5764606442490168
1726865371.557293,0.11503653610741937,-0.7183079348641287,-0.10850365607953036,-0.6775155073420919,0.36009343016936646,-0.6635105461728422,-0.31281574922523364,-0.5763963772465368
1726865371.582934,0.1156885890099178,-0.7181313383141712,-0.10914128591535496,-0.6774892700351308,0.3603242864352894,-0.6633564507078841,-0.3130406566069262,-0.5763073617612764
1726865371.608575,0.11637435928307023,-0.7179489177064026,-0.10981090313439898,-0.6774569548085455,0.3605943871393839,-0.6631875968983872,-0.3132940190100301,-0.5761950684761691
1726865371.6664448,0.1170992654526253,-0.7177601876492312,-0.11051748080903334,-0.6774171251834582,0.3609002724743332,-0.6630062714040112,-0.31357243063040824,-0.5760607677627774
1726865371.6920855,0.11787057757269288,-0.7175645171348394,-0.11126767966753194,-0.6773678425738324,0.361239193593751,-0.662814388861462,-0.31387308663809077,-0.5759053884226302
1726865371.717727,0.11869558853984455,-0.7173613900641405,-0.1120681293912314,-0.6773069670992424,0.36160920231202665,-0.6626134164623049,-0.3141938835052721,-0.5757294926398051
1726865371.743368,0.11958004729424467,-0.7171506125939954,-0.11292396166541248,-0.6772324490357441,0.36200904446244486,-0.6624043811252232,-0.31453336868632115,-0.5755333592211076
1726865371.6970348,0.1205270849405928,-0.7169324346119272,-0.1138378122784611,-0.6771425688086607,0.36243789745341237,-0.6621879497649524,-0.314890565182273,-0.575317148740438
1726865371.7226758,0.12153673784113996,-0.716707572807397,-0.11480938962752855,-0.6770360998416687,0.36289501452665046,-0.6619645639664884,-0.31526471319560556,-0.5750811117555954
1726865371.748317,0.12260603867684113,-0.7164771436644731,-0.11583558117191904,-0.6769123872562347,0.36337934810039135,-0.6617346043622052,-0.315654979897608,-0.5748257965936906
1726865371.773958,0.12372953840540912,-0.7162425317343644,-0.11691096699246513,-0.6767713519776227,0.36388922115173167,-0.6614985579961702,-0.3160601881778484,-0.5745522169024819
1726865371.771906,0.12490006044721996,-0.7160052285991819,-0.11802855107039381,-0.6766134410807529,0.3644221010668966,-0.6612571636569026,-0.3164786073647285,-0.5742619496770607
1726865371.7975469,0.1261094822333342,-0.7157666793818246,-0.11918051482541699,-0.6764395494525031,0.36497450842742457,-0.6610115149743162,-0.31690783540821194,-0.5739571492075003
1726865371.823188,0.12734938056129738,-0.7155281672252504,-0.12035883655327287,-0.676250935408943,0.3655420683997667,-0.6607631081353689,-0.31734478563379603,-0.5736404781641086
1726865371.848829,0.12861144846573558,-0.7152907540613244,-0.12155568815257536,-0.6760491455180467,0.366119689606602,-0.6605138290298912,-0.31778577511793343,-0.5733149707406315
1726865371.847262,0.1298876679886421,-0.7150552817538403,-0.12276359374028824,-0.6758359547940446,0.3667018382006819,-0.6602658825049509,-0.31822669833346084,-0.5729838520656442
1726865371.8729029,0.13117028445683518,-0.7148224249949026,-0.12397539353774513,-0.6756133206184445,0.3672828646890393,-0.6600216734213634,-0.3186632601124341,-0.5726503423332523
1726865371.898544,0.1324516596882283,-0.7145927790049346,-0.12518408743961779,-0.6753833446952543,0.36785733852060026,-0.6597836545633823,-0.31909123699482506,-0.5723174732092673
1726865371.924185,0.13372408185197104,-0.7143669623341021,-0.12638263380964881,-0.6751482377446683,0.3684203489529926,-0.6595541598799862,-0.3195067351092543,-0.5719879394551824
1726865371.981818,0.13497958708771762,-0.7141457172056908,-0.12756375826423458,-0.6749102853297635,0.3689677381005259,-0.659335243005293,-0.3199064148943954,-0.5716640020864948
1726865372.007459,0.13620981574438096,-0.7139299950196627,-0.12871979700407418,-0.6746718181199924,0.36949624170374223,-0.6591285404162615,-0.32028765756819916,-0.5713474520683666
1726865372.0331,0.1374059003353321,-0.7137210201419681,-0.12984257478040456,-0.6744351931319571,0.3700035236494228,-0.6589351759732354,-0.32064865467991943,-0.5710396366313727
1726865372.058741,0.1385583734919056,-0.7135203287368197,-0.13092330871607152,-0.6742027920807021,0.370488100814472,-0.6587557192809802,-0.32098840977399773,-0.5707415441863718
1726865372.0113368,0.13965709272065566,-0.7133297804987959,-0.1319525363653008,-0.6739770388174346,0.3709491657989118,-0.658590204341934,-0.3213066503293763,-0.5704539381861229
1726865372.0369778,0.14069120093032772,-0.7131515398677637,-0.13292008615724935,-0.6737604306138563,0.37138632580415937,-0.6584382081816939,-0.32160365776856903,-0.570177525269143
1726865372.062619,0.14164916634402022,-0.7129880211968724,-0.133815130371004,-0.6735555702298094,0.37179928652112404,-0.658298981835026,-0.3218800333101833,-0.5699131383058182
1726865372.08826,0.14251895926920885,-0.7128417916519802,-0.13462637268836306,-0.6733651803442099,0.3721875185207253,-0.6581716195330223,-0.32213642600309844,-0.5696619114357336
1726865372.0871978,0.14328841944257287,-0.7127154277407409,-0.13534241789067872,-0.6731920809349193,0.3725499494544012,-0.6580552466887423,-0.32237325565687447,-0.5694254222495946
1726865372.1128387,0.14394584330719018,-0.7126113270701517,-0.13595234773725376,-0.6730391146661744,0.3728847258208367,-0.6579492044751032,-0.32259046565502864,-0.5692057774202315
1726865372.13848,0.1444807822174904,-0.7125314850951635,-0.1364464908203324,-0.6729090142513472,0.3731890831500305,-0.6578532083933785,-0.3227873388876207,-0.569005622360646
1726865372.164121,0.14488499959369464,-0.7124772555252595,-0.13681733408807867,-0.6728042169494483,0.37345935218666254,-0.6577674607387273,-0.3229624035255705,-0.5688280634485537
1726865372.1622348,0.14515349973859848,-0.7124491198629259,-0.13706049137783513,-0.6727266419753608,0.3736911135365802,-0.6576927013324041,-0.32311344591867275,-0.568676501487829
1726865372.1878755,0.1452855229834183,-0.712446494121252,-0.1371756285838233,-0.6726774537238515,0.3738794955884739,-0.6576301870941151,-0.3232376362554984,-0.5685543864126155
1726865372.213517,0.14528540455730599,-0.7124675977923738,-0.13716724922474718,-0.6726568360306021,0.3740195938267056,-0.6575815978616742,-0.3233317610297168,-0.5684649135142956
1726865372.239158,0.1451632149039908,-0.7125094021750688,-0.13704526494672858,-0.6726638002795639,0.37410697588542,-0.6575488729582614,-0.32339254577721227,-0.5684106892036073
1726865372.2969358,0.14493512875383496,-0.7125676641350411,-0.13682530480461857,-0.6726960446199783,0.37413822749140047,-0.6575339897609502,-0.32341704294459345,-0.5683933984236749
1726865372.3225768,0.1446234980309501,-0.7126370401690431,-0.13652874434889975,-0.6727498753347414,0.37411149026423474,-0.6575387016798977,-0.323403053318493,-0.5684135059528966
1726865372.345121,0.14425662014849125,-0.7127112671467689,-0.13618245146806263,-0.6728201967372336,0.37402694245698004,-0.6575642583490874,-0.3233495448854924,-0.5684700205643589
1726865372.370762,0.1438681938448817,-0.7127833921711921,-0.13581824618636879,-0.6729005741174537,0.3738871769074581,-0.6576111351867349,-0.32325702999226114,-0.5685603454191716
1726865372.3269088,0.1434964412988956,-0.7128460351848206,-0.13547205791210118,-0.6729833749661982,0.37369743606436145,-0.6576788019909778,-0.3231278607181298,-0.5686802311654235
1726865372.3525498,0.1431828561131845,-0.7128916731452964,-0.13518274395695914,-0.673059995699966,0.3734656710894807,-0.657765560407864,-0.32296640370525104,-0.5688238410410635
1726865372.378191,0.14297052583271302,-0.7129129416055209,-0.1349905209009817,-0.6731211820328955,0.37320240110431263,-0.6578684768926316,-0.322779060616519,-0.568983930307757
1726865372.403832,0.14290198736679324,-0.7129029560837742,-0.13493496767307647,-0.6731574494222752,0.3729203599054389,-0.6579834309503912,-0.3225741095056697,-0.5691521357593011
1726865372.4018438,0.14301661520324485,-0.7128556593670049,-0.13505259700093708,-0.673159604200625,0.3726339318939375,-0.6581052876788934,-0.32236135661162146,-0.5693193645871009
1726865372.4274848,0.14334761631507995,-0.7127662005627744,-0.135374061146969,-0.6731193562813864,0.3723583961454222,-0.6582281901969348,-0.3221516064080104,-0.569476265474528
1726865372.453126,0.1439188051604574,-0.7126313462954096,-0.13592115205440156,-0.6730300009825584,0.37210901688418235,-0.6583459527290867,-0.3219559788615591,-0.5696137583959975
1726865372.478767,0.14474144050171317,-0.7124499133092735,-0.13670385923490866,-0.6728871311723682,0.3719000384781052,-0.6584525211383291,-0.3217851241224003,-0.5697235932275349
1726865372.477639,0.14581149783703004,-0.7122231950657113,-0.13771783678017796,-0.672689322749737,0.37174366057512354,-0.6585424569245543,-0.32164840281632745,-0.5697989015571059
1726865372.50328,0.1471078006423783,-0.7119553341154518,-0.13894267817663328,-0.6724387179482025,0.3716490817646448,-0.6586113946649167,-0.3215531120084506,-0.5698347014693915
1726865372.5289211,0.14859141970274822,-0.7116535702216602,-0.14034138418867947,-0.6721414150798117,0.37162170523467997,-0.6586564230046579,-0.3215038398516549,-0.5698283123834925
1726865372.554562,0.15020665966611652,-0.7113282780290088,-0.14186132269142554,-0.6718075657451855,0.37166259538970364,-0.6586763455592706,-0.32150202479978707,-0.569779637262083
1726865372.6121428,0.1518837881158509,-0.7109927061758025,-0.1434368229087029,-0.6714510886924272,0.3717682595921807,-0.6586717897287013,-0.3215457782525565,-0.5696912734660312
1726865372.6377838,0.15354344426889216,-0.710662350621433,-0.1449933392478946,-0.6710889402344596,0.3719308040363795,-0.658645147059744,-0.3216300040138172,-0.5695684223880151
1726865372.663425,0.155102423231343,-0.7103539432756082,-0.14645289247920534,-0.6707399375801576,0.3721384790249319,-0.6586003464951867,-0.32174681694869905,-0.5694185822475507
1726865372.689066,0.1564803100090485,-0.7100841085641897,-0.14774028909780032,-0.6704232083701834,0.3723765895150219,-0.6585424796287129,-0.3218862304318483,-0.5692510278989421
1726865372.6419518,0.15760627354121218,-0.7098678220686737,-0.1487894693424892,-0.6701564231914151,0.37262870537333537,-0.6584773132455214,-0.32203705132151467,-0.5690761051466628
1726865372.6675928,0.15842525895684778,-0.7097168746545229,-0.14954927162058107,-0.6699540361195128,0.37287806743959906,-0.6584107371356243,-0.3221878963484813,-0.5689043922255953
1726865372.693234,0.15890285179513697,-0.7096385796847091,-0.14998793917543093,-0.669825789303718,0.37310905540480443,-0.6583482032464382,-0.3223282278982693,-0.568745803990748
1726865372.718875,0.15902823018750392,-0.7096349437784727,-0.15009583124949905,-0.669775716201682,0.3733085664721536,-0.6582942145964751,-0.32244930224399526,-0.568608730771588
1726865372.7169058,0.15881484923381997,-0.7097024515975616,-0.14988601524221853,-0.6698018037405239,0.37346715371635414,-0.6582519186034633,-0.3225449299925532,-0.5684993094859163
1726865372.7425468,0.15829878314665585,-0.7098325069530728,-0.1493926776069082,-0.6698963615399343,0.3735797923300761,-0.6582228492254131,-0.32261196678630694,-0.5684209165807211
1726865372.768188,0.15753494211102947,-0.710012453660002,-0.14866756009372367,-0.6700470239002313,0.3736461794477304,-0.6582068466879955,-0.32265047997945323,-0.5683739502529901
1726865372.793829,0.15659163980119165,-0.7102270004313084,-0.1477748662643992,-0.6702382077315937,0.3736705256725784,-0.6582021639771853,-0.32266357163771003,-0.5683559352354173
1726865372.806757,0.15554417439433058,-0.7104598186933002,-0.1467852552254667,-0.6704527907934039,0.37366085745918765,-0.6582057480175175,-0.32265687625145173,-0.5683619419764313
1726865372.832398,0.15446817815554614,-0.7106950790217813,-0.14576962488432338,-0.6706737679771099,0.37362791066527556,-0.6582136632386681,-0.3226377888140121,-0.5683852699771863
1726865372.8580391,0.1534334732455575,-0.7109187351543175,-0.144793371642772,-0.6708856838707384,0.3735837483108372,-0.6582216085983867,-0.3226145112090252,-0.5684183091083
1726865372.88368,0.15249905675042313,-0.7111194353185727,-0.14391170805960316,-0.6710757086095375,0.3735402711257381,-0.6582254684630797,-0.32259502743145213,-0.5684534693274111
1726865372.881815,0.15170964652027005,-0.7112890177732112,-0.14316644275337403,-0.6712343003879199,0.3735078028134571,-0.6582218340633952,-0.32258612801069214,-0.5684840617068813
1726865372.907456,0.15109398896933673,-0.7114226126016971,-0.14258441210687084,-0.6713554633727558,0.37349392036697915,-0.6582084359926541,-0.3225925987484243,-0.5685050232581476
1726865372.9330971,0.15066489657109786,-0.7115184158914472,-0.14217753454542023,-0.6714366548373211,0.37350266536059384,-0.6581844387488227,-0.32261666875282013,-0.5685134023048733
1726865372.958738,0.15042078279754206,-0.7115772241915985,-0.14194426957686834,-0.6714784184533733,0.37353421962959354,-0.65815056460042,-0.3226577796398598,-0.5685085560655483
1726865372.9568348,0.1503483191514286,-0.7116018215546499,-0.14187212799839288,-0.6714838268980511,0.3735850669564854,-0.6581090337999979,-0.3227126968749298,-0.5684920515307679
1726865372.9824758,0.15042576443598224,-0.7115963052867484,-0.14194080836853826,-0.6714578129829044,0.373648599591911,-0.6580633296582549,-0.32277594069807325,-0.5684672992253544
1726865373.008117,0.1506265102657714,-0.7115654248161738,-0.14212552850160245,-0.6714064601710902,0.3737160741904822,-0.6580178173828614,-0.32284047480642053,-0.5684389815319798
1726865373.033758,0.15092243508385617,-0.7115139944476429,-0.1424001665474736,-0.6713363142723404,0.3737777827979276,-0.6579772625856743,-0.3228985611715857,-0.5684123592958261
1726865373.03167,0.15128674765467842,-0.7114464253310431,-0.14273991106543277,-0.6712537684488501,0.37382428517307437,-0.6579463066306427,-0.32294267288617184,-0.5683925504746444
1726865373.0573108,0.15169610950264995,-0.71136640510894,-0.14312322362050545,-0.6711645632068326,0.3738475506408693,-0.6579289598230983,-0.32296635553394887,-0.5683838719554218
1726865373.082952,0.1521319399645602,-0.7112767351593456,-0.14353302699637255,-0.6710734304269095,0.3738418787427669,-0.6579281693007897,-0.32296494027607137,-0.5683893217602382
1726865373.108593,0.15258091197210652,-0.7111793167979524,-0.1439571319992779,-0.6709838960862626,0.373804504032742,-0.6579455071345982,-0.3229360358058965,-0.5684102560512124
1726865373.121924,0.15303473405917423,-0.7110752610487161,-0.1443879986330875,-0.6708982405303129,0.3737358361484288,-0.6579810070632371,-0.32287975797695934,-0.5684462868303594
1726865373.147565,0.1534893796827233,-0.7109650836987641,-0.1448219885599506,-0.6708175994377039,0.37363933431250784,-0.658033158875964,-0.32279868965974023,-0.5684953963122138
1726865373.173206,0.1539439649157839,-0.7108489405879277,-0.14525830164236803,-0.6707421748593148,0.3735210599037756,-0.6580990503480186,-0.3226975952723397,-0.5685542364144738
1726865373.198847,0.15439948949758825,-0.7107268580985445,-0.14569780001349597,-0.6706715156404682,0.3733889860185508,-0.6581746308852681,-0.3225829402579443,-0.5686185602261141
1726865373.225376,0.15485764408236755,-0.7105989206656856,-0.14614190893153703,-0.6706048213902638,0.3732521648561741,-0.6582550605246301,-0.32246228275826727,-0.5686837195860475
1726865373.2510169,0.1553198520877332,-0.7104653888923472,-0.1465917488099108,-0.6705412246195922,0.37311986066804725,-0.6583351035417113,-0.32234361154807584,-0.5687451600795601
1726865373.276658,0.15578665999349492,-0.7103267370680216,-0.14704759968056139,-0.670480012082802,0.37300074831617475,-0.658409527030961,-0.3222347013771069,-0.5687988517031717
1726865373.302299,0.15625752322108477,-0.7101836145811439,-0.14750873580354332,-0.6704207580907037,0.37290225759702067,-0.6584734703367304,-0.3221425456529985,-0.5688416083778982
1726865373.316825,0.1567309628928576,-0.710036749949976,-0.14797360090718584,-0.6703633585047097,0.37283011544175537,-0.65852275923233,-0.32207290965913327,-0.5688712696704112
1726865373.342466,0.1572050031405335,-0.7098868265421311,-0.14844023428042874,-0.6703079720071204,0.3727881069786542,-0.6585541475299692,-0.32203002843909495,-0.5688867399138977
1726865373.368107,0.15767774956892547,-0.7097343639997707,-0.14890681415973506,-0.670254892220503,0.37277804684640115,-0.6585654771421596,-0.3220164549054861,-0.568887900096324
1726865373.393748,0.1581479444405981,-0.7095796383953965,-0.14937216416868737,-0.6702043874934233,0.3727999282489744,-0.6585557544671751,-0.32203304830954627,-0.5688754235790036
1726865373.346772,0.1586153418387471,-0.7094226665507269,-0.14983607862999176,-0.6701565511566835,0.37285220147672654,-0.6585251463637355,-0.3220790820850172,-0.5688505360319633
1726865373.372413,0.1590807856937303,-0.7092632670775757,-0.1502993620324611,-0.6701112022419444,0.3729321266873818,-0.6584749030682108,-0.3221524435815494,-0.5688147624738423
1726865373.398054,0.15954594021676408,-0.7091011944548996,-0.15076354170473572,-0.670067864828353,0.3730361473741592,-0.6584072185372635,-0.3222498960046842,-0.5687697001908937
1726865373.423695,0.1600127046851405,-0.7089363256373945,-0.15123028998846325,-0.670025835263911,0.37316023907193857,-0.6583250413744582,-0.3223673737268527,-0.5687168471493906
1726865373.4694428,0.16048242587112743,-0.7087688647975057,-0.1517006671787094,-0.6699843243372996,0.3733002004831671,-0.6582318516817058,-0.32250028520791957,-0.5686575030646396
1726865373.4950838,0.16095508422990196,-0.7085995235271467,-0.15217435327339518,-0.6699426410697186,0.37345186880663517,-0.658131420943052,-0.3226438019287478,-0.5685927466379377
1726865373.520725,0.16142865724100777,-0.7084296337929192,-0.15264905959906666,-0.6699003710917888,0.37361125563930514,-0.6580275728682035,-0.32279311663079685,-0.5685234796035954
1726865373.546366,0.16189884546339414,-0.7082611595294942,-0.1531202923603918,-0.6698574996273642,0.37377461278334767,-0.6579239625414607,-0.32294365953011145,-0.5684505177424861
1726865373.5116968,0.162359283663643,-0.7080965893184543,-0.15358157916479,-0.6698144382924648,0.37393844736903664,-0.6578238889258688,-0.32309126685183454,-0.5683747021303438
1726865373.5373378,0.16280226115748495,-0.7079387144185801,-0.1540251766296542,-0.6697719353284236,0.3740995122647928,-0.6577301515114269,-0.32323230203585107,-0.5682970012560367
1726865373.562979,0.16321986116443218,-0.7077903199808039,-0.15444316998245397,-0.6697308766278478,0.37425479992696403,-0.6576449562721909,-0.32336373550519026,-0.5682185765895951
1726865373.58862,0.1636053241071713,-0.7076538377578394,-0.1548287780281113,-0.6696920137829857,0.37440156592041685,-0.6575698695568468,-0.3234831937302415,-0.5681407901756521
1726865373.6004028,0.16395436848590178,-0.7075310215743593,-0.15517761129267527,-0.6696556783286706,0.3745374021472045,-0.6575058122650931,-0.3235889914114303,-0.5680651422748775
1726865373.6260438,0.16426618606251955,-0.7074227080433674,-0.1554886168169049,-0.669621551550895,0.3746603696415945,-0.6574530820324077,-0.32368016087782964,-0.5679931388671999
1726865373.651685,0.16454387112978372,-0.7073287135077411,-0.15576448478782856,-0.6695885533668353,0.37476918761618755,-0.657411389219713,-0.32375648970696136,-0.5679261014518844
1726865373.677326,0.16479414551532542,-0.7072478944229209,-0.15601138866036568,-0.669554890988396,0.3748634606806284,-0.657379893919886,-0.3238185710517958,-0.5678649434138328
1726865373.6618268,0.1650263785366791,-0.7071783677233819,-0.1562380598325239,-0.6695182740380806,0.37494391178385794,-0.6573572360287806,-0.3238678618240326,-0.5678099464912093
1726865373.6874678,0.16525105224491984,-0.7071178554005741,-0.15645433956844043,-0.6694762639077225,0.37501257679407257,-0.6573415579053172,-0.3239067331980546,-0.5677605760228907
1726865373.713109,0.1654779489975027,-0.7070640917306658,-0.15666946927959852,-0.6694266920106469,0.3750729104090172,-0.657330527786866,-0.323938488079484,-0.567715373279188
1726865373.73875,0.16571441505246484,-0.7070152171689202,-0.156890451638652,-0.669368061323532,0.37512975502770757,-0.6573213795041659,-0.32396731433528897,-0.5676719564871708
1726865373.7962978,0.16596405686596297,-0.7069700836542945,-0.15712081736597716,-0.6692998441630466,0.37518913561102346,-0.6573109880897058,-0.3239981430407923,-0.5676271494230223
1726865373.821939,0.16622615226798096,-0.7069284117050008,-0.1573600624034488,-0.6692226070500082,0.37525786409015977,-0.657296000030851,-0.32403638912667304,-0.5675772390641489
1726865373.84758,0.16649591683471496,-0.7068907678385343,-0.15760388717750853,-0.6691379280600931,0.3753429652060502,-0.6572730299655805,-0.32408756830516533,-0.567518343862328
1726865373.8451009,0.16676558381426018,-0.7068583667741309,-0.15784519929706373,-0.6690481166817281,0.375450966984047,-0.6572389235541956,-0.32415680644992,-0.5674468552985871
1726865373.826779,0.16702607516306608,-0.7068327394694052,-0.15807567196644515,-0.6689557911866485,0.37558712807894123,-0.6571910708436557,-0.3242482821502823,-0.567359900898339
1726865373.85242,0.16726890052850352,-0.7068153383449891,-0.15828751894293136,-0.668863404398189,0.37575469504727893,-0.6571277387813027,-0.32436466485948623,-0.5672557697059515
1726865373.878061,0.16748785790326845,-0.7068071672149606,-0.15847508795527762,-0.6687728256486684,0.37595428959949534,-0.6570483794210918,-0.3245066242664838,-0.5671342434018833
1726865373.903702,0.16768014181787322,-0.7068085206932944,-0.15863590435927252,-0.6686850790644356,0.37618351705217745,-0.6569538646604641,-0.3246724878179034,-0.5669967873454558
1726865373.901856,0.16784659200900423,-0.7068188945413785,-0.1587709150761859,-0.66860030541134,0.37643686258957276,-0.6568466013666828,-0.32485811072,-0.5668465741769897
1726865373.927497,0.16799101115174003,-0.7068370891126635,-0.1588838649478206,-0.6685179631739114,0.37670590528364617,-0.65673049309672,-0.32505699738727445,-0.5666883348110644
1726865373.953138,0.16811870060088713,-0.7068614819866508,-0.1589799427391579,-0.6684372263710028,0.3769798380488381,-0.6566107343521252,-0.3252606798493932,-0.5665280534820365
1726865373.978779,0.1682345581783193,-0.7068904040099679,-0.15906401574957088,-0.6683574859659989,0.3772462420309769,-0.6564934473774737,-0.32545932282074963,-0.5663725413656674
1726865373.9767568,0.16834120117868415,-0.706922526495512,-0.1591388831129949,-0.668278832075705,0.3774920328725214,-0.6563851956615382,-0.3256424932817361,-0.5662289347988055
1726865374.0023978,0.16843759208796463,-0.7069571620626264,-0.1592039915556003,-0.6682023927319701,0.3777044790176921,-0.6562924276609184,-0.3258000105456862,-0.5661041680232912
1726865374.028039,0.16851854309398093,-0.7069943999286902,-0.15925496328068775,-0.6681304332040416,0.3778721892777001,-0.6562209155079505,-0.32592278361162363,-0.5660044679534216
1726865374.05368,0.168575284206382,-0.707035032968027,-0.15928410809441648,-0.668066170838791,0.3779859774062056,-0.6561752542208774,-0.32600354736127624,-0.5659349112224006
1726865374.0957167,0.16859703972939472,-0.7070802814263867,-0.15928186905176714,-0.668013323223304,0.37803953133681334,-0.6561584774668913,-0.32603742566471816,-0.5658990742711081
1726865374.121358,0.16857332761925004,-0.7071313656793072,-0.1592389375570325,-0.6679754678531229,0.3780298398514468,-0.6561718282116169,-0.3260222742117932,-0.565898797278351
1726865374.146999,0.16849653052367206,-0.7071890169612822,-0.15914862060281246,-0.6679553353713424,0.3779573559288971,-0.6562147000191231,-0.3259587845073745,-0.5659340733517679
1726865374.1451468,0.1683642225534941,-0.7072530317702365,-0.1590089832689543,-0.6679541757153254,0.3778259009044401,-0.65628474164647,-0.3258503583393784,-0.5660030657672033
1726865374.141871,0.1681807870197134,-0.7073219674707968,-0.15882433717826772,-0.6679713220869252,0.37764233559791627,-0.6563780977067046,-0.32570278573454486,-0.5661022474605057
1726865374.167512,0.1679580093906753,-0.7073930456515927,-0.15860578326540584,-0.6680040355866517,0.377416042455903,-0.6564897446324375,-0.32552377621839473,-0.5662266482654076
1726865374.1931531,0.16771453964960184,-0.7074622838287797,-0.15837071081667867,-0.668047654067664,0.3771582763309275,-0.6566138752714632,-0.32532240224588505,-0.5663701863560986
1726865374.218794,0.16747433785776986,-0.7075248275687157,-0.15814135726962983,-0.6680960078116618,0.37688144908148374,-0.656744287553033,-0.32510851425994225,-0.5665260524110015
1726865374.21674,0.16726439753109978,-0.7075754164698278,-0.15794270027183482,-0.6681420169072958,0.3765984139471868,-0.6568747412154611,-0.324892180080543,-0.5666871096893739
1726865374.2423809,0.1671121462106977,-0.7076088976610783,-0.15780005081425727,-0.6681783612949059,0.37632180849541924,-0.6569992593897535,-0.3246831885557517,-0.5668462725301479
1726865374.268022,0.16704293834861142,-0.7076207015654924,-0.15773673174852443,-0.6681981165201801,0.3760635003647256,-0.6571123658365202,-0.32449064114703696,-0.566996830825487
1726865374.293663,0.16707798773785887,-0.7076072132888727,-0.1577721642897431,-0.66819527227477,0.3758341597270676,-0.6572092612193333,-0.3243226379064766,-0.5671326986615844
1726865374.2919598,0.16723296235680218,-0.70756600145004,-0.1579205707738038,-0.6681650868010438,0.37564296002138414,-0.6572859505268451,-0.32418604931818906,-0.567248579772448
1726865374.3176007,0.16751731615681112,-0.7074958966321121,-0.1581903647744046,-0.6681042684558178,0.3754973888921599,-0.6573393372279592,-0.32408635558833176,-0.5673400574517463
1726865374.343242,0.1679342965953837,-0.7073969372156859,-0.15858417338544994,-0.6680110067929527,0.3754031384440791,-0.6573672978721504,-0.3240275317986338,-0.5674036287961933
1726865374.368883,0.16848146686701926,-0.707270217879245,-0.1590993428115091,-0.667884895277868,0.3753640413690099,-0.6573687444129491,-0.32401196165798885,-0.5674367092624596
1726865374.421547,0.16915153228458127,-0.7071176843167146,-0.15972873108051944,-0.6677267945198487,0.37538202666061865,-0.657343672899876,-0.3240403723335914,-0.5674376325699368
1726865374.447188,0.16993325858630362,-0.7069419180768308,-0.16046158870417448,-0.6675386810085422,0.37545708379881,-0.6572931885852981,-0.3241117955738772,-0.5674056630265002
1726865374.445109,0.17081230673406111,-0.7067459494555498,-0.1612843611209473,-0.6673235149866744,0.3755872421763188,-0.6572194915793617,-0.32422357182004785,-0.567341025203363
1726865374.47075,0.17177186941751058,-0.7065331259441097,-0.16218130243924322,-0.6670851459593216,0.3757685879029526,-0.657125805797595,-0.32437142063834506,-0.5672449428362883
1726865374.4567058,0.17279306328951996,-0.7063070506690059,-0.1631348539370933,-0.666828258913191,0.3759953479910228,-0.6570162379461675,-0.32454959991504967,-0.5671196686407164
1726865374.4823468,0.17385509954198639,-0.7060715902684754,-0.16412580519200579,-0.6665583499207463,0.376260069951291,-0.6568955620329738,-0.3247511674896623,-0.5669684819773797
1726865374.507988,0.17493531141180213,-0.7058309369320005,-0.16513330902098122,-0.6662817088459889,0.37655391327681365,-0.6567689367377166,-0.32496834383145096,-0.5667956330457838
1726865374.533629,0.1760091608333632,-0.705589695184566,-0.16613486366310762,-0.6660053786777754,0.3768670512467919,-0.6566415752906886,-0.32519295655521296,-0.5666062197780661
1726865374.53174,0.17705036797837562,-0.7053529535876446,-0.16710639750054188,-0.6657370576874166,0.37718916139876024,-0.6565183977635892,-0.3254169310489121,-0.5664059947669493
1726865374.557381,0.17803130539718745,-0.705126296701219,-0.1680225914803058,-0.6654849124895622,0.3775099657572977,-0.6564037015858849,-0.32563278015918573,-0.5662011116061781
1726865374.583022,0.17892376680103952,-0.7049157164394829,-0.1688575463654966,-0.665257279122718,0.3778197713133291,-0.6563008862362152,-0.32583404243186614,-0.5659978303163459
1726865374.608663,0.1797001597725713,-0.7047273957867185,-0.16958584633218252,-0.6650622459057345,0.37810995833725564,-0.6562122628656559,-0.32601562271060386,-0.5658022085672266
1726865374.6070218,0.18033508702369877,-0.7045673612740307,-0.17018399192986133,-0.6649071354003665,0.378373369350508,-0.656138969672566,-0.326174000403266,-0.565619808090468
1726865374.6326628,0.18080718403800475,-0.7044410306440851,-0.17063208488165366,-0.6647979303173908,0.37860456252750835,-0.6560810013868816,-0.326307286361027,-0.5654554445049083
1726865374.658304,0.1811009920567701,-0.7043527123620529,-0.1709155631849815,-0.664738713725501,0.378799907960281,-0.656037348178464,-0.32641512645981385,-0.5653130042219755
1726865374.683945,0.18120858537423798,-0.7043051364136063,-0.17102672699712534,-0.6647312103856188,0.3789575214971065,-0.6560062274058163,-0.3264984662674626,-0.5651953450184751
1726865374.721441,0.18113065920064794,-0.7042991036557507,-0.17096578125560483,-0.6647745170559003,0.37907704687796123,-0.655985382440969,-0.3265592045968687,-0.5651042881160256
1726865374.747082,0.1808768292020324,-0.7043333296951504,-0.17074115976212573,-0.6648650913542128,0.3791593122137254,-0.6559724165980277,-0.32659977404150836,-0.565040699613925
1726865374.745313,0.18046499265282842,-0.7044045297777898,-0.17036898485902902,-0.6649970329658993,0.3792059003756388,-0.6559651273039857,-0.32662269324589605,-0.5650046487757105
1726865374.770954,0.17991974063606403,-0.7045077490861958,-0.16987164512075856,-0.665162643712739,0.3792186833567178,-0.6559618060062228,-0.32663013849377065,-0.5649956211173605
1726865374.7717218,0.17926996294351033,-0.7046368987229478,-0.16927561504809444,-0.6653532050681261,0.37919937678183074,-0.6559614727478742,-0.32662358099325267,-0.5650127567213462
1726865374.7973628,0.17854592553742824,-0.7047854212455129,-0.16860877082182246,-0.6655598732463684,0.3791491709461878,-0.655964020447502,-0.32660353086902866,-0.5650550802117005
1726865374.8201108,0.17777619566243869,-0.704946989253824,-0.16789754735090845,-0.665774571601611,0.3790684875617031,-0.6559702527364975,-0.3265694187415018,-0.5651216895548572
1726865374.8457518,0.17698482721682016,-0.7051161381957666,-0.16716431981926877,-0.6659907602739563,0.3789568970640221,-0.6559818099913879,-0.326519631551792,-0.5652118765023546
1726865374.84702,0.1761891893644268,-0.7052887493540251,-0.1664253679911833,-0.6662039826320018,0.37881321118727146,-0.6560009901483006,-0.32645170204810187,-0.5653251614640323
1726865374.8726609,0.17539873458991617,-0.7054623245797069,-0.16568970256755772,-0.6664121209626417,0.37863574291531327,-0.6560304824941207,-0.32636263351928946,-0.5654612379888245
1726865374.898302,0.17461487234501485,-0.7056360253582303,-0.1649589125682064,-0.6666153337847008,0.37842270431982244,-0.6560730424771963,-0.32624932535751977,-0.5656198347775212
1726865374.923943,0.17383196287329283,-0.7058104801202706,-0.1642280515854142,-0.666815688109143,0.3781726957266624,-0.6561311423037681,-0.3261090532679249,-0.5658005140353615
1726865374.9368098,0.17303929481166355,-0.7059873922553682,-0.16348743980819716,-0.6670165376154539,0.37788522979462325,-0.6562066344114228,-0.32593995245560753,-0.5660024323717472
1726865374.9624507,0.17222377730038738,-0.7061690058228771,-0.16272513463810065,-0.6672217294906753,0.37756123149551407,-0.6563004628459647,-0.32574145288333556,-0.566224094165214
1726865374.988092,0.17137297858979827,-0.706357504758615,-0.1619297305539307,-0.6674347459064257,0.3772034590237316,-0.6564124514231625,-0.32551462217865257,-0.5664631275423453
1726865375.013733,0.17047808967898143,-0.7065544323001973,-0.16109309883534217,-0.6676578979117807,0.3768167987189792,-0.6565411887168431,-0.3252623818200836,-0.5667161112004678
1726865375.0121198,0.16953639040837004,-0.706760217642345,-0.16021267604708206,-0.6678916869667406,0.3764083977043499,-0.6566840194657867,-0.3249895744165798,-0.5669784768722994
1726865375.0377607,0.1685528492408253,-0.7069738843361348,-0.15929295893176532,-0.6681344304211841,0.37598760939831405,-0.656837141614139,-0.32470287222945143,-0.5672445078985365
1726865375.063402,0.16754059832413631,-0.7071929883751987,-0.15834596421868588,-0.6683822115539888,0.3755657394927274,-0.6569957988540361,-0.32441052896047284,-0.5675074486797631
1726865375.089043,0.16652017862833202,-0.7074137974763668,-0.15739055240313737,-0.6686291672249198,0.37515559413720706,-0.6571545508551928,-0.32412198819468374,-0.567759731969954
1726865375.086268,0.1655176336577578,-0.7076316817350098,-0.15645068411794621,-0.6688680732343597,0.3747708489072719,-0.6573075975592197,-0.3238473731511063,-0.5679933202982037
1726865375.111909,0.16456171353954713,-0.7078416492030738,-0.15555284805222258,-0.6690911399452566,0.3744252763493684,-0.6574491301659237,-0.3235968934589925,-0.5682001445076014
1726865375.13755,0.16368060687339414,-0.7080389349067336,-0.15472304530057446,-0.6692908970265561,0.3741318897464337,-0.6575736798899243,-0.32338021477311074,-0.5683726077883087
1726865375.163191,0.16289871026962002,-0.7082195442650848,-0.15398380325601146,-0.6694610337041761,0.37390207810752857,-0.6576764362101196,-0.3232058447825642,-0.5685041100460198
1726865375.1620398,0.16223395468632257,-0.7083806619211145,-0.15335170290773115,-0.6695970706166052,0.3737448174564842,-0.6577535095633263,-0.32308059196491373,-0.568589538399316
1726865375.1876807,0.16169612234010028,-0.7085208620788506,-0.15283582530911433,-0.6696967690838141,0.3736660431851379,-0.6578021188307349,-0.3230091499155142,-0.5686256674676365
1726865375.213322,0.16128641940095875,-0.7086400909214678,-0.15243736599437976,-0.6697602271741189,0.3736682543048819,-0.6578206917981284,-0.3229938483124014,-0.5686114201450048
1726865375.238963,0.16099834562842777,-0.7087394300913795,-0.15215045609415548,-0.6697896622440485,0.373750394604263,-0.6578088757363642,-0.32303459314814803,-0.5685479550268636
1726865375.2517538,0.16081966653613244,-0.7088206867015665,-0.15196400757785214,-0.669788928961957,0.3739080210843955,-0.657767464630833,-0.32312899579010573,-0.5684385686435737
1726865375.270562,0.1607350922621573,-0.708885885430787,-0.15186421091412136,-0.669762863255284,0.37413373261133215,-0.6576982580505197,-0.3232726667356191,-0.5682884253803394
1726865375.296203,0.1607291421853473,-0.7089367568210684,-0.1518371965921983,-0.6697165694615969,0.374417798888702,-0.6576038728453805,-0.3234596302886834,-0.5681041505460107
1726865375.321844,0.16078865270060103,-0.7089743185590818,-0.15187135293856,-0.6696547744495088,0.3747489073969512,-0.657487531869126,-0.3236828043641073,-0.5678933385772573
1726865375.3270829,0.16090446850237924,-0.7089986315576922,-0.1519588720957735,-0.6695813570109812,0.375114938210316,-0.6573528532043297,-0.3239344875369745,-0.5676640355877369
1726865375.345142,0.16107203315903434,-0.7090087801351637,-0.15209626186855166,-0.6694991239358534,0.3755036838184496,-0.6572036592688737,-0.32420680287556036,-0.5674242527876151
1726865375.3707829,0.1612908207563899,-0.7090030823756555,-0.15228377345833322,-0.6694098540228106,0.37590345129488406,-0.65704381831303,-0.32449206326090735,-0.5671815555903664
1726865375.396424,0.16156278514113304,-0.708979490909102,-0.152523914494839,-0.669314577336309,0.3763035120180716,-0.656877122792504,-0.32478304182854545,-0.56694275560704
1726865375.40183,0.16189019620815256,-0.7089361066208872,-0.15281939603351552,-0.669214011581389,0.37669439372963315,-0.6567072013813235,-0.3250731499624137,-0.5667137130510326
1726865375.4201298,0.16227334764115312,-0.7088717058550306,-0.15317096798940846,-0.6691090492951803,0.37706803512296744,-0.6565374555328681,-0.32535654021733856,-0.5664992392834567
1726865375.453112,0.16270863478068362,-0.7087861795711312,-0.15357560917426788,-0.6690011839178752,0.37741784013064944,-0.6563710085012175,-0.3256281602904216,-0.5663030764317685
1726865375.478753,0.16318741621481975,-0.7086807998661575,-0.15402545733441875,-0.6688927788391184,0.37773867550031415,-0.6562106548634212,-0.3258837859354994,-0.5661279250658229
1726865375.4769208,0.16369590754419072,-0.7085582609420896,-0.1545077097576125,-0.6687871173471143,0.3780268514697035,-0.656058801560638,-0.32612005616371703,-0.56597549189916
1726865375.5025618,0.16421614786784383,-0.7084224818281373,-0.15500553084613466,-0.6686882154091075,0.3782801134971612,-0.6559173964431769,-0.3263345249328615,-0.5658465362734165
1726865375.528203,0.16472787276357997,-0.7082781995614036,-0.15549981049742412,-0.6686004254381742,0.3784976565227761,-0.6557878461667066,-0.32652573210783076,-0.5657409045651938
1726865375.553844,0.16521096432472798,-0.7081304169678225,-0.15597146546940643,-0.6685278990372782,0.3786801564542796,-0.655670930567913,-0.3266932856239673,-0.5656575528039789
1726865375.5670028,0.16564805819006437,-0.7079837926434172,-0.156403891881678,-0.6684740030669617,0.37882979988320536,-0.6555667246150862,-0.3268379382952893,-0.5655945671492815
1726865375.5926435,0.16602688529948909,-0.7078420669424058,-0.15678517517524457,-0.6684407905489617,0.3789502851456328,-0.655474540808478,-0.32696163823020047,-0.56554919756444
1726865375.618285,0.16634200474652908,-0.7077076057386537,-0.15710973695590236,-0.6684286145806559,0.37904676747133603,-0.6553929042017531,-0.3270675321650548,-0.5655179206665193
1726865375.643926,0.16659572126838998,-0.70758111594344,-0.15737922547073005,-0.6684359426343964,0.37912572802408384,-0.6553195689330603,-0.3271599062485595,-0.5654965434616115
1726865375.641877,0.16679814409229718,-0.7074615499157986,-0.15760260783434113,-0.6684593873392131,0.37919475971631983,-0.6552515798539769,-0.32724405796188655,-0.5654803514103627
1726865375.667518,0.1669664971854489,-0.7073461788947715,-0.15779556444811618,-0.6684939280659831,0.3792622789828483,-0.6551853763467168,-0.32732610429733977,-0.5654642940165845
1726865375.693159,0.167123902737506,-0.7072307876371264,-0.15797938992763955,-0.6685332650736575,0.3793371885508031,-0.6551169289850021,-0.32741274268646214,-0.5654431913695315
1726865375.7188,0.16729791195176377,-0.7071099291753522,-0.1581796536014331,-0.6685702310937414,0.3794285283153703,-0.6550418944337659,-0.3275109903064653,-0.5654119380288444
1726865375.7170548,0.1675190435470256,-0.7069771819996824,-0.15842486017965585,-0.668597186546529,0.3795451558890912,-0.654955771391127,-0.3276279315635482,-0.5653656786735202
1726865375.7426958,0.1678195211967079,-0.7068253690808652,-0.15874528701636575,-0.6686063414140626,0.3796954935735938,-0.6548540413575795,-0.32777050126283364,-0.5652999338222686
1726865375.768337,0.16823229596466985,-0.7066467233417176,-0.15917207655732338,-0.6685899737726397,0.3798873644320088,-0.6547322827063647,-0.32794532202316956,-0.565210663461098
1726865375.793978,0.16879032531891375,-0.7064330106914812,-0.15973655585034233,-0.6685405449254185,0.38012791898152953,-0.6545862543905585,-0.32815860008512043,-0.5650942699796954
1726865375.7917528,0.16952598337195127,-0.7061756431870982,-0.1604696646349335,-0.6684507376486414,0.3804236302598072,-0.6544119551122912,-0.3284160667902243,-0.564947556521928
1726865375.8173938,0.17047041954144862,-0.7058658271252052,-0.16140132011263228,-0.6683134623992787,0.3807803139443373,-0.6542056728787429,-0.32872293745195613,-0.5647676694700934
1726865375.843035,0.17165267853409388,-0.7054947915707608,-0.1625595431130092,-0.6681218840612013,0.38120311790209266,-0.653964045979351,-0.3290838496684676,-0.5645520608016784
1726865375.868676,0.17309844523317441,-0.7050541326182104,-0.16396921869081427,-0.6678695184373701,0.381696426016417,-0.6536841576366608,-0.3295027425192555,-0.5642985053085223
1726865375.870389,0.1748283761444926,-0.7045362888837761,-0.16565045731567749,-0.6675504344479621,0.38226363643741385,-0.6533636817351409,-0.3299826482862836,-0.5640051980940574
1726865375.89603,0.17685610387658973,-0.7039351380346238,-0.1676166412553589,-0.6671595772647204,0.38290680223508894,-0.6530010866357734,-0.3305253879354352,-0.5636709408730664
1726865375.9216712,0.17918613079862425,-0.7032466750008731,-0.16987236400304187,-0.6666932012385102,0.38362615893402835,-0.652595889260604,-0.3311311879702029,-0.5632954037227068
1726865375.947312,0.18181192916609734,-0.7024697048636964,-0.17241156714836725,-0.6661493733953798,0.384419599727727,-0.6521489359478264,-0.33179826284471625,-0.5628794271071917
1726865375.9453888,0.18471461628750643,-0.7016064599937291,-0.175216228760052,-0.6655284809863005,0.3852821878730828,-0.6516626727698044,-0.33252242858043424,-0.562425311590095
1726865375.9710298,0.18786255298357635,-0.7006630373357996,-0.17825593925575825,-0.6648336554491749,0.3862058094317825,-0.6511413595598543,-0.3332968237716175,-0.5619370337461641
1726865375.996671,0.19121211573987873,-0.6996495529759155,-0.1814886088149734,-0.6640710162966657,0.38717906313211453,-0.6505911811401175,-0.3341118101654656,-0.561420329523968
1726865376.022312,0.19470972834415345,-0.6985799321644715,-0.18486239412422448,-0.6632496477977868,0.3881874582923253,-0.6500202165526104,-0.33495510690666924,-0.5608826005988986
1726865382.5728,0.1982950325764145,-0.6974712964121459,-0.18831873496176285,-0.6623812533572192,0.38921394935732084,-0.6494382423368482,-0.33581218231590876,-0.5603326237373021
1726865382.598441,0.20190486720169665,-0.696342972773796,-0.19179618822732786,-0.6614794864924272,0.39023978472946574,-0.6488563665104383,-0.3366668906768864,-0.5597800735781236
1726865382.624082,0.20547755586178348,-0.6952152236244871,-0.19523458236452693,-0.6605590244079411,0.3912455975676264,-0.6482865127558899,-0.3375023055111913,-0.5592349001424972
1726865382.649723,0.2089569149176182,-0.6941078622022021,-0.1985789252605074,-0.659634515303423,0.3922126256890661,-0.6477407958367887,-0.33830167129641703,-0.5587066286136788
1726865382.6624289,0.21229541114106756,-0.6930389595500643,-0.20178251273636022,-0.6587195734969549,0.39312392485997477,-0.6472308456609613,-0.339049377928812,-0.5582036648516125
1726865382.6880698,0.21545603058775378,-0.6920238464539381,-0.20480880772892682,-0.657826000625637,0.3939654377199875,-0.6467671461332605,-0.33973185846772724,-0.5577326930589602
1726865382.713711,0.21841264417747075,-0.6910745637270961,-0.20763187395299765,-0.6569633697182635,0.39472680026089996,-0.6463584541142979,-0.34033832139266207,-0.5572982405699767
1726865382.739352,0.22114893612461958,-0.6901998223762197,-0.21023541737888857,-0.6561390268245809,0.3954018052898184,-0.6460113534222477,-0.3408612514564412,-0.5569024608301324
1726865382.7373078,0.22365623830731365,-0.6894054237636311,-0.21261075635129018,-0.6553584630072635,0.3959884912614847,-0.6457299806735765,-0.3412966442623321,-0.5565451531214936
1726865382.7629488,0.22593083039532758,-0.6886949861499378,-0.2147542516377386,-0.6546259140397128,0.39648887791897214,-0.6455159360604569,-0.34164397508537125,-0.5562240018791107
1726865382.78859,0.22797137014397778,-0.6880707553984007,-0.21666483082937366,-0.6539449831918819,0.3969084177907532,-0.6453683673608362,-0.34190593620521265,-0.5559349863828383
1726865382.814231,0.22977708057243534,-0.6875342629398673,-0.21834220820637468,-0.6533190726152928,0.3972552680394277,-0.6452841932075188,-0.34208800487760677,-0.5556728884247479
1726865382.8124158,0.2313471373215372,-0.6870866397451422,-0.21978622834067643,-0.6527514575768018,0.3975395033249516,-0.6452584162189561,-0.342197920785448,-0.5554318163419083
1726865382.8380568,0.23268140349635014,-0.6867284921373468,-0.22099748117365545,-0.6522449354871486,0.3977723843258376,-0.6452844707653606,-0.3422451543350811,-0.5552056703519546
1726865382.863698,0.23378230787533352,-0.6864593728362318,-0.22197900311371202,-0.6518011078131217,0.3979657687303107,-0.6453545552565828,-0.342240434245452,-0.5549884954627037
1726865382.889339,0.23465732869087924,-0.6862770100065219,-0.22273856236235282,-0.6514194781129294,0.3981317055784254,-0.6454599146987167,-0.3421953754031935,-0.5547747007416676
1726865382.902298,0.23532130871822765,-0.6861765547284682,-0.22329080239531954,-0.6510966402691419,0.39828219798569425,-0.6455910632475251,-0.34212221035106033,-0.5545591609622178
1726865382.927939,0.23579774426237285,-0.6861501470442578,-0.2236584380538942,-0.6508258619624856,0.39842906515848375,-0.6457379634658118,-0.34203358792624794,-0.5543372505129529
1726865382.95358,0.2361182939843496,-0.6861870675702447,-0.22387179482255354,-0.6505973247932988,0.3985837948584968,-0.6458902032196426,-0.34194236941924705,-0.5541048816397847
1726865382.979221,0.2363200391740786,-0.6862746386616025,-0.22396624956698766,-0.6503991685646182,0.3987572647548457,-0.6460372258993627,-0.3418613361580965,-0.5538586222112015
1726865382.977142,0.2364404491575448,-0.686399889550208,-0.22397752686970548,-0.6502193269082142,0.3989592324489401,-0.646168669519167,-0.34180272972955034,-0.553595949520054
1726865383.0027828,0.23651049201222232,-0.6865518364955986,-0.22393526133492395,-0.6500479687711644,0.3991975535587757,-0.6462748522834235,-0.3417775810018285,-0.5533156546341935
1726865383.028424,0.23654678855215502,-0.6867240856558973,-0.2238556648926225,-0.6498802107321131,0.3994771764828382,-0.6463474073190868,-0.34179484297334295,-0.5530183539793428
1726865383.054065,0.2365440426340698,-0.6869173666721252,-0.2237344503561678,-0.6497186644867053,0.39979906729678055,-0.6463800226789002,-0.34186041567695624,-0.5527070003749072
1726865383.052744,0.23646911489927827,-0.6871415595148256,-0.22354128460117834,-0.6495753451025834,0.40015931497002927,-0.6463691936665766,-0.3419762227047779,-0.5523872294198234
1726865383.0783849,0.23625800097218713,-0.6874167865460448,-0.22321694098218106,-0.6494724904181032,0.40054873131808355,-0.6463148534700267,-0.34213955126387924,-0.5520673432512042
1726865383.104026,0.23581663149361243,-0.6877732080620236,-0.22267399600169085,-0.6494419312669281,0.4009532669869401,-0.6462207274414941,-0.34234288308011024,-0.5517577362592062
1726865383.129667,0.23502588433013288,-0.6882492888369496,-0.22180142408820874,-0.6495228082082375,0.40135549963427425,-0.6460942652236435,-0.34257441156800356,-0.5514696146636534
1726865383.1274369,0.23375058163799248,-0.6888885017404645,-0.22047287636824073,-0.649757653698356,0.4017373102621909,-0.6459460493478938,-0.34281935834575467,-0.55121295559752
1726865383.1530778,0.23185164822965115,-0.68973469556312,-0.21855788920569905,-0.6501871361505038,0.4020836623729772,-0.6457886572200596,-0.3430620776225831,-0.5509937835909973
1726865383.178719,0.229200140057284,-0.6908266427346055,-0.2159348519018843,-0.6508440559918071,0.4023871663902195,-0.6456350553322673,-0.3432887876275504,-0.5508109947520624
1726865383.20436,0.22569159063936,-0.6921925334706913,-0.21250433466309962,-0.6517474282814585,0.4026528914979374,-0.6454967099543181,-0.343490619130883,-0.5506531040279206
1726865383.2605898,0.22125909979831065,-0.6938453154491088,-0.20820135744595766,-0.6528976058643718,0.4029027269410382,-0.6453816811406146,-0.34366655033858445,-0.5504953954848002
1726865383.286231,0.2158837930062981,-0.6957797253619787,-0.2030053517615679,-0.6542733288531526,0.40317853822229066,-0.6452930001879684,-0.3438257325350117,-0.5502979882501027
1726865383.311872,0.20960165663500066,-0.6979716020433815,-0.1969468811905964,-0.6558313154052312,0.4035434395117919,-0.645227598047704,-0.34398872424344185,-0.5500052697365295
1726865383.3106709,0.20250623237697798,-0.7003796546779855,-0.19011058379923165,-0.6575085787190481,0.40408071545226903,-0.6451759554871043,-0.3441872552240564,-0.5495469908954237
1726865383.292436,0.19474715394430842,-0.702949383812657,-0.18263422164940196,-0.6592271618421943,0.4048902508297599,-0.6451225062196438,-0.3444623346592807,-0.548841085153961
1726865383.3180768,0.1865249490100623,-0.7056184424014256,-0.17470410811553608,-0.6609005460334672,0.40608271179247063,-0.6450466810405843,-0.3448607770079039,-0.547798005603621
1726865383.343718,0.17808284611285957,-0.7083224814973137,-0.16654748443203077,-0.6624407124831578,0.4077720962946687,-0.6449243737226034,-0.34543050226458366,-0.5463261276629525
1726865383.369359,0.1696964750064803,-0.7110004999675669,-0.15842259278505433,-0.6637647757387447,0.41006755644125265,-0.6447295674373554,-0.3462152133313893,-0.5443375883440726
1726865383.367256,0.1616623184686102,-0.7135988934698049,-0.1506072267088013,-0.6648002536770781,0.41306552585605005,-0.6444358895068866,-0.34724919723342146,-0.5417538654088931
1726865383.392897,0.15428559694441502,-0.7160737076742238,-0.1433864477833214,-0.6654883367462396,0.4168431274891744,-0.6440179450474073,-0.3485529906003815,-0.5385104513985676
1726865383.418538,0.14786801554909335,-0.7183909593030946,-0.13703999092708843,-0.6657848905283567,0.4214535985712501,-0.6434523852652788,-0.35013048055259394,-0.5345601357525422
1726865383.444179,0.1426955675313918,-0.7205252240914448,-0.1318297103910312,-0.6656593001777141,0.4269241003884463,-0.6427187619982406,-0.3519677144988194,-0.5298746393567465
1726865383.4423418,0.13902645516241857,-0.7224569614662273,-0.127987315293838,-0.6650915957353798,0.43325586279012046,-0.6418002844285241,-0.35403334282504145,-0.5244446056864162
1726865383.4679828,0.13707920871781995,-0.7241692371164413,-0.12570265049858237,-0.6640685583651125,0.4404262388662433,-0.6406846179240427,-0.3562803127293815,-0.5182781948289086
1726865383.493624,0.13702125781596464,-0.7256446121561462,-0.12511289937767256,-0.6625796813701728,0.4483919938805885,-0.6393648494943144,-0.3586482535694005,-0.5113987087063497
1726865383.519265,0.13895848435013247,-0.7268629805099693,-0.1262932793281825,-0.6606139226415166,0.4570930706428959,-0.6378406946704279,-0.3610659873713181,-0.5038417665856709
1726865383.577129,0.14292657424498456,-0.7278010314700739,-0.12924999982068114,-0.6581581044946899,0.46645616405108387,-0.6361199432532665,-0.36345375185148343,-0.49565253462409503
1726865383.60277,0.14888518799325307,-0.7284337689169941,-0.133916378854182,-0.655197564534683,0.47639766154532354,-0.6342200446716174,-0.36572497848399554,-0.4868833978723859
1726865383.610499,0.15671599915556586,-0.7287381333137622,-0.14015299470481304,-0.6517192391960811,0.48682579371047213,-0.6321696330590797,-0.3677877371071776,-0.47759227595271997
1726865383.63614,0.1662254549293854,-0.7286982938234905,-0.1477525394958051,-0.6477168222184703,0.49764211260854646,-0.6300097076435011,-0.36954615752286313,-0.46784156879604044
1726865383.607024,0.17715269283575347,-0.7283117040024221,-0.15644963021587696,-0.6431970914419972,0.5087426074433362,-0.6277941405011981,-0.37090220969263793,-0.4576975282533607
1726865383.632665,0.18918245913307782,-0.7275946749069129,-0.16593526114092252,-0.6381860820431285,0.5200188413761215,-0.6255892019899788,-0.37175815235597154,-0.4472297296963293
1726865383.658306,0.20196222122128601,-0.7265861344727111,-0.17587493749764435,-0.6327336380749545,0.5313594480203427,-0.6234718836989109,-0.3720197726282262,-0.4365102931318932
1726865383.683947,0.21512208307555614,-0.7253484738106812,-0.18592894480805489,-0.6269150727142491,0.5426521917772033,-0.621526952218998,-0.37160029491373764,-0.42561257881409476
1726865383.6823218,0.22829572588093908,-0.7239649021026122,-0.19577282057250367,-0.6208291913184628,0.5537866216372942,-0.619842859744345,-0.3704246066663504,-0.4146092349376508
1726865383.7079628,0.24114048485648296,-0.7225334252544419,-0.20511600859662002,-0.614592661012687,0.5646571829727233,-0.6185068322297239,-0.3684332930386795,-0.4035696628627273
1726865383.733604,0.25335485434713556,-0.7211582547495597,-0.21371692972288128,-0.6083314584460809,0.5751665331412983,-0.6175996118126886,-0.36558592960960196,-0.39255713815254867
1726865383.759245,0.26469212270309594,-0.7199399686165671,-0.22139323906865896,-0.6021707029256681,0.5852287509833461,-0.6171904128975014,-0.3618631582985561,-0.38162593978407483
1726865383.757273,0.2749693704751256,-0.7189659655388583,-0.22802673470896678,-0.5962244493102046,0.594772134403349,-0.6173326420233959,-0.3572672427697322,-0.3708188701689971
1726865383.782914,0.2840716064065891,-0.7183026402631665,-0.23356308258365907,-0.5905869333794668,0.6037413302072737,-0.6180608317760851,-0.3518210226705542,-0.36016549311511065
1726865383.8085551,0.29195127127752646,-0.7179903188326813,-0.2380070865637155,-0.5853263910054226,0.6120986148947347,-0.6193890694968845,-0.34556541281733905,-0.34968130018076854
1726865383.834196,0.29862366894006415,-0.7180414413061359,-0.24141458261697826,-0.5804820343607993,0.6198242303136425,-0.6213109972092781,-0.3385557802887437,-0.33936787104260896
1726865383.886945,0.30415908569076505,-0.7184419067569707,-0.24388215774630007,-0.5760642067861662,0.6269157614782509,-0.6238012592507046,-0.3308576520893228,-0.32921395933544606
1726865383.912586,0.3086724614193392,-0.7191550223835008,-0.2455358307670759,-0.5720572708666807,0.6333866204550223,-0.6268181134708172,-0.3225422472861392,-0.3191973376597278
1726865383.9107258,0.31231150958598725,-0.7201272041558509,-0.24651965242666748,-0.5684244820398171,0.6392637656275474,-0.6303068242160704,-0.31368229474965087,-0.3092871857399417
1726865383.962008,0.3152441737720991,-0.721294483283154,-0.24698496020074634,-0.5651139785235101,0.6445848382189716,-0.6342034270308816,-0.3043485075422468,-0.29944679900996474
1726865383.9220428,0.3176462641194719,-0.7225889558313221,-0.24708081017256317,-0.5620650541049604,0.6493949341464805,-0.6384384895902094,-0.2946069591608398,-0.2896364171313123
1726865383.9476838,0.31969003636770377,-0.7239445141121378,-0.24694593179277707,-0.559214026920958,0.6537432479505592,-0.642940571343712,-0.28451746948245055,-0.27981600568691184
1726865383.973325,0.3215343565429673,-0.7253014486780065,-0.24670241546311744,-0.5564992222031838,0.6576798252854353,-0.6476391832880773,-0.27413297961268435,-0.26994785639293917
1726865383.998966,0.32331693730902145,-0.7266097473469233,-0.24645123814724293,-0.5538648032916027,0.6612526420400726,-0.6524671470878028,-0.26349979061546863,-0.25999889559713757
1726865383.996368,0.3251489467013305,-0.7278311015895434,-0.24626964467556592,-0.551263378186269,0.6645051930990147,-0.6573623343055944,-0.2526584695512304,-0.24994260850197417
1726865384.022009,0.32711209390775114,-0.7289397443131452,-0.24621032228804743,-0.5486574563229674,0.6674747252591343,-0.6622688235190809,-0.241645190014093,-0.2397605027479474
1726865384.04765,0.3292581069483633,-0.7299222932960175,-0.24630222729086446,-0.5460199241692761,0.6701911904821908,-0.6671375456924401,-0.23049327015355717,-0.22944305555289882
1726865384.073291,0.33161035308966624,-0.7307767803420434,-0.24655284837008495,-0.5433337500995695,0.6726769322495818,-0.6719265009844637,-0.21923469310620994,-0.21899011720324965
1726865384.071981,0.3341672257002488,-0.7315110329074748,-0.24695162452864897,-0.5405911293622006,0.6749470548657486,-0.6766006307788656,-0.2079014346709516,-0.2084107795183674
1726865384.097622,0.33690683746791444,-0.7321405630432298,-0.2474741824902355,-0.5377922533980017,0.6770103685129953,-0.6811314249014729,-0.1965264726320001,-0.19772275663769995
1726865384.1232631,0.3397925211345037,-0.7326861191017016,-0.24808702448190362,-0.5349438491472356,0.6788707580641467,-0.685496339970455,-0.18514440465690954,-0.18695136040360727
1726865384.148904,0.34277863930896163,-0.7331710706029354,-0.24875228497288074,-0.5320575968682462,0.6805287953449098,-0.6896781032469087,-0.1737916508081806,-0.1761281769550791
1726865384.2072158,0.3458162389265466,-0.7336188178307743,-0.24943218764684677,-0.5291485073067703,0.6819834064326238,-0.693663975057415,-0.1625062589980176,-0.16528956060371722
1726865384.2106118,0.3488581456727394,-0.73405043285684,-0.25009287284197446,-0.5262333238917043,0.6832334182036889,-0.6974450389870077,-0.15132736462691457,-0.1544750548055814
1726865384.2362528,0.3518631719129817,-0.7344827355996901,-0.25070733031875947,-0.5233290111218482,0.6842788396630017,-0.7010155792013834,-0.140294378697684,-0.14372583140213793
1726865384.261894,0.3547992033854402,-0.7349269783127246,-0.25125726033664586,-0.5204513915374884,0.685121779293469,-0.7043725866393188,-0.12944599217919867,-0.1330832139585208
1726865384.2368858,0.3576450299496411,-0.7353882534588267,-0.25173379078141106,-0.5176139949865319,0.6857669530933086,-0.7075154113330506,-0.11881909004283132,-0.12258732647683322
1726865384.2625268,0.36039089090972726,-0.7358656585148227,-0.252137090687759,-0.5148271805833023,0.6862217921558731,-0.7104455502555515,-0.10844766730733449,-0.11227589032408553
1726865384.288168,0.3630378092493695,-0.7363531596414632,-0.25247502769832475,-0.5120975822342677,0.6864962062380499,-0.713166534235624,-0.09836183340801902,-0.10218318352706826
1726865384.313809,0.3655958861372849,-0.7368410093746225,-0.2527611067520933,-0.5094279123259127,0.6866020953562583,-0.715683858835383,-0.08858698112185424,-0.09233917711679757
1726865384.3123808,0.36808180835370635,-0.7373175068801582,-0.25301198808777825,-0.5068171369349731,0.6865527210327119,-0.7180048968711864,-0.07914318314257539,-0.08276887019669206
1726865384.3380218,0.37051587788792595,-0.7377708542860373,-0.2532449070409659,-0.5042610116366352,0.6863620514773933,-0.7201387358367581,-0.07004486343338369,-0.07349185360146139
1726865384.363663,0.37291889716246335,-0.7381908643335785,-0.2534753037975808,-0.5017529415143478,0.68604418184383,-0.7220959006783031,-0.0613007722657212,-0.0645221365226415
1726865384.389304,0.3753092318431475,-0.738570311064308,-0.2537149217406286,-0.49928510351684274,0.685612905722119,-0.7238879469831299,-0.052914274093747514,-0.05586826753134404
1726865384.387209,0.37770032657229385,-0.7389057792272556,-0.25397055544184854,-0.4968497455975031,0.6850814817428309,-0.7255269370430796,-0.044883936693598456,-0.047533769310036895
1726865384.41285,0.38009887672673126,-0.7391979466591131,-0.2542435364203141,-0.49444055634071976,0.684462605033915,-0.7270248361759329,-0.03720438939507615,-0.03951788586556983
1726865384.438491,0.3825037714125659,-0.7394513150788407,-0.2545299477845044,-0.4920539839937831,0.683768562306125,-0.728392884880591,-0.02986739868869176,-0.031816614413160325
1726865384.464132,0.3849058348492327,-0.739673475641415,-0.25482147140529143,-0.4896903771184468,0.683011524585655,-0.7296410119087876,-0.02286309180573045,-0.02442396480881728
1726865384.510978,0.3872883164779756,-0.7398740476549951,-0.2551067030403363,-0.4873548230911018,0.6822039149965315,-0.7307773534408523,-0.016181244056526795,-0.01733336096007202
1726865384.536619,0.38962802347536946,-0.7400634564407073,-0.2553727295401752,-0.48505757675858546,0.6813587806523458,-0.7318079352517415,-0.009812534887387063,-0.0105390744192792
1726865384.5622602,0.39189695498887633,-0.7402517186531142,-0.25560675066037,-0.48281400012676184,0.6804900969683774,-0.7327365597363192,-0.0037496718266954807,-0.004037562995660647
1726865384.587901,0.39406428250438547,-0.7404473832583832,-0.25579754495802565,-0.48064397413632864,0.6796129382411533,-0.733564920167376,0.0020117176462550843,0.002171420541806647
1726865384.552148,0.3960985202853484,-0.7406567391375103,-0.2559366204306372,-0.47857079238132727,0.6787434597038526,-0.7342929422529114,0.007472517168555409,0.00808408027994557
1726865384.5777888,0.3979697359260868,-0.7408833536648503,-0.25601894784251256,-0.4766196008294851,0.6778986529792717,-0.7349193299904814,0.012629947657002994,0.013692301392112827
1726865384.60343,0.3996516581765317,-0.7411279586174033,-0.25604323860305866,-0.4748155021037186,0.6770958593172091,-0.7354422705730046,0.017477831494814973,0.018983923623755644
1726865384.629071,0.40112354622813823,-0.7413886565417369,-0.25601179091140597,-0.47318149110773106,0.6763520530273688,-0.7358602337549023,0.02200729938720913,0.023943590322376862
1726865384.6273649,0.4023716912777648,-0.741661387732846,-0.2559299784041695,-0.47173642445596864,0.6756829400898561,-0.7361727866966575,0.026207898916131893,0.028554135133243657
1726865384.6530058,0.40339043291428517,-0.7419405768312372,-0.25580548957985444,-0.4704932418062639,0.6751019508313748,-0.73638133825236,0.030069016343966474,0.032798398031637074
1726865384.678647,0.40418259431872305,-0.7422198688626775,-0.25564744066921485,-0.46945764749819185,0.6746192358230809,-0.7364897286111689,0.03358147950982038,0.03666129487157882
1726865384.704288,0.40475927605910267,-0.7424928656874331,-0.2554654800560738,-0.46862742274337116,0.6742407942985454,-0.7365045918204876,0.036739177021840846,0.04013191252309532
1726865384.717182,0.4051389991636135,-0.7427537831786061,-0.2552689824571021,-0.46799247379192915,0.6739678675873808,-0.7364354395841253,0.03954051362333946,0.04320537659432372
1726865384.742823,0.4053462516734198,-0.7429979649732399,-0.2550664019290888,-0.4675356359753569,0.6737967120152383,-0.736294442494711,0.04198952833059545,0.045884249361092845
1726865384.768464,0.4054095610661106,-0.7432222090603413,-0.25486482078757416,-0.4672341585121613,0.6737188251757126,-0.7360959169061886,0.044096532525857206,0.048179264596827504
1726865384.794105,0.4053592767811096,-0.7434248873563983,-0.2546697025308539,-0.4670617049164582,0.6737216409412223,-0.7358555582129702,0.04587817766763423,0.050109288444774955
1726865384.792069,0.40522529057422285,-0.743605864039711,-0.2544848344437563,-0.4669906336137005,0.673789640735722,-0.7355894911694012,0.04735693094095954,0.05170049912932425
1726865384.81771,0.4050349371761068,-0.7437662430497212,-0.2543124307651666,-0.46699428575172375,0.6739057638609681,-0.7353132315843015,0.04856001245077018,0.0529848854183659
1726865384.8433511,0.4048112984357082,-0.743907995352631,-0.25415335914355197,-0.46704900936119603,0.6740529504436196,-0.7350406683878886,0.0495179179869292,0.053998255641985404
1726865384.868992,0.4045720810466274,-0.7440335291204206,-0.25400744930655494,-0.46713569172028724,0.6742156270563296,-0.7347831778051788,0.05026270498042483,0.05477800959887143
1726865384.8670309,0.40432915918420204,-0.7441452686962651,-0.25387384166396765,-0.4672406474496181,0.674380951969583,-0.734548970489496,0.050826246355587676,0.0553609452125011
1726865384.8926718,0.40408878212392807,-0.7442453006307385,-0.2537513345139413,-0.4673558054449054,0.67453967313122,-0.7343427476233363,0.05123865244940084,0.05578134885609698
1726865384.918313,0.40385235894789867,-0.7443351291042338,-0.2536386920448422,-0.46747823655372744,0.6746865103590308,-0.7341657052913394,0.05152702605005366,0.05606955947803397
1726865384.943954,0.403617662418434,-0.7444155622473844,-0.2535348821986905,-0.467609149585726,0.6748200429621294,-0.7340158826039468,0.051714657240498015,0.05625111490660778
1726865384.9420428,0.40338025359800295,-0.7444867289436878,-0.25343922443681316,-0.4677525424311506,0.6749421530831611,-0.7338888046504194,0.05182069467981093,0.056346499475540913
1726865384.9676838,0.4031349216244642,-0.7445482067230604,-0.25335144112613717,-0.46791372079863336,0.67505713227254,-0.7337783338821806,0.05186026142541519,0.056371430511857785
1726865384.993325,0.40287695770736337,-0.7445992276191472,-0.25327162082800064,-0.4680978885453195,0.6751705962207127,-0.7336776191205261,0.05184492835693774,0.056337559445432235
1726865385.018966,0.40260313040509255,-0.7446389217917622,-0.25320011420331856,-0.46830897675386113,0.6752883662754243,-0.7335800237028688,0.051783424215290016,0.05625342810625972
1726865385.031808,0.40231228952082954,-0.7446665583375678,-0.25313739114102857,-0.4685488232836616,0.6754154665053843,-0.733479923804282,0.05168245063683725,0.05612551360611129
1726865385.0574489,0.4020055870030682,-0.7446817477369566,-0.2530838901790056,-0.46881675219387303,0.6755553556020317,-0.7333732918629207,0.05154748107654427,0.055959212773404265
1726865385.08309,0.4016863548390478,-0.744684579543097,-0.253039888213073,-0.46910954402991534,0.6757094701805112,-0.733258013504207,0.051383448020915656,0.05575965216640822
1726865385.108731,0.4013597166603922,-0.7446756798584185,-0.25300541187277586,-0.46942174132945635,0.67587710757595,-0.7331339235865952,0.05119525654325465,0.055532254130031954
1726865385.106906,0.4010320288723798,-0.7446561843588387,-0.2529802034205163,-0.4697462033821584,0.6760556293402108,-0.7330025826123031,0.05098809684264951,0.05528303448138351
1726865385.132547,0.4007102500653984,-0.7446276325072205,-0.25296374561614027,-0.47007481085787844,0.6762409274126452,-0.7328668443552167,0.050767558957697786,0.055018646788058435
1726865385.158188,0.4004013274499409,-0.744591796401956,-0.25295534269535125,-0.4703992222666939,0.6764280672693611,-0.7327302865326035,0.050539575771742604,0.05474621711951919
1726865385.183829,0.40011166990166097,-0.744550463381925,-0.25295424855825377,-0.47071159665191414,0.6766120083374468,-0.7325965871269622,0.05031023464918747,0.05447302996013283
1726865385.1823978,0.3998467526780513,-0.7445051954007402,-0.2529598280742837,-0.4710052162925073,0.6767883013371074,-0.7324689296528015,0.05008550348525543,0.05420613071545014
1726865385.2080388,0.399610872439753,-0.7444570906605896,-0.2529717327385546,-0.47127496562873294,0.6769536737340437,-0.7323495118221413,0.04987091473306459,0.05395190465165026
1726865385.23368,0.3994070452678087,-0.7444065745611765,-0.25299006739040475,-0.4715176452078252,0.677106435493838,-0.7322392153279769,0.049671242941746026,0.053715679026891214
1726865385.259321,0.3992370185092891,-0.7443532469054175,-0.2530155215591199,-0.47173211966469125,0.6772466647106338,-0.7321374720061039,0.04949019935547487,0.05350137746440874
1726865385.2572148,0.3991013514380015,-0.7442958100866387,-0.25304943812313796,-0.47191931538494925,0.6773761631466232,-0.7320423358995316,0.04933015385281404,0.053311236830281855
1726865385.2828555,0.3989995124133581,-0.7442320975899559,-0.2530937950057644,-0.47208209555154385,0.6774982015149374,-0.7319507449360648,0.04919188215817295,0.05314557988489059
1726865385.308497,0.39892994323283815,-0.744159212833237,-0.2531510837879347,-0.47222504711700297,0.6776171003432416,-0.7318589328336397,0.049074327004654264,0.053002624303552306
1726865385.334138,0.398890053973617,-0.7440737755897211,-0.25322408205581987,-0.4723542162271546,0.6777377111560358,-0.7317629345524321,0.04897435724952172,0.05287830201686724
1726865385.347101,0.3988761320712037,-0.7439722579844891,-0.2533155328788712,-0.47247682632661464,0.6778648726614823,-0.7316591188558533,0.048886509540035296,0.05276606287852703
1726865385.372742,0.3988831731320415,-0.7438513769702995,-0.2534277619057232,-0.4726010078987976,0.6780029164257839,-0.7315446804887337,0.04880270231740224,0.05265664263212469
1726865385.3983831,0.398904663251948,-0.7437084979024711,-0.25356227696511713,-0.47273556189879085,0.6781552867435025,-0.7314180316286638,0.048711920326359466,0.05253778533976681
1726865385.424024,0.3989323578622266,-0.7435419973279449,-0.2537194031505018,-0.4728897720663959,0.6783243218712444,-0.7312790460607811,0.048599877147368215,0.052393922277409646
1726865385.4220438,0.39895610680546595,-0.7433515344008653,-0.2538980057500879,-0.47307327532067694,0.6785112213033249,-0.7311291275499119,0.048448671333123826,0.05220582017007487
1726865385.4476848,0.39896376843353304,-0.743138189920035,-0.2540953434818359,-0.4732959946804283,0.6787161998002114,-0.7309710931459864,0.04823645700729623,0.05195021972142666
1726865385.473326,0.3989412386583556,-0.7429044488547351,-0.25430707649530027,-0.47356813534484427,0.6789388063535099,-0.7308088801770528,0.047937151698556446,0.05159949000390267
1726865385.498967,0.3988725988864856,-0.7426540236348907,-0.2545274307557928,-0.4739002405879354,0.6791783675444998,-0.7306471003937504,0.047520203545493384,0.05112132628158342
1726865385.497038,0.39874036494485254,-0.7423915380061064,-0.2547494966364457,-0.4743032991916155,0.6794345007804918,-0.730490475283873,0.04695043848698028,0.05047852013070045
1726865385.5226789,0.3985258032954209,-0.7421221109047531,-0.25496561927818023,-0.47478888950785997,0.6797076337572671,-0.7303431928798944,0.04618800795908467,0.049628833825406796
1726865385.54832,0.3982092746854407,-0.7418508934065311,-0.255167824961029,-0.4753693370539212,0.6799994616910607,-0.7302082290702954,0.04518846060825432,0.04852501752443663
1726865385.573961,0.3977705697440007,-0.7415826172494119,-0.2553482234371789,-0.4760578540750292,0.6803132728736936,-0.7300866765326737,0.043902967972826105,0.04711501782378418
1726865385.5720415,0.39718921394208795,-0.7413212103734973,-0.25549933106760325,-0.4768686225811534,0.6806540760707779,-0.7299771229043954,0.042278742890787195,0.045342437782187404
1726865385.5976827,0.396444737283201,-0.7410695241000014,-0.25561427270958614,-0.4778167790249736,0.6810284714420667,-0.729875117312728,0.04025969746652538,0.04314731709987667
1726865385.623324,0.3955169216758806,-0.7408292004573807,-0.2556868388385274,-0.47891826114951436,0.681444221694965,-0.7297727614436799,0.03778739084988618,0.04046730119698193
1726865385.648965,0.3943860526178283,-0.7406006891263803,-0.2557113958974673,-0.4801894863220424,0.6819095041243011,-0.7296584579626134,0.03480231160475826,0.03723925369198755
1726865385.7074618,0.39303320913500606,-0.7403834041763495,-0.25568266966197734,-0.4816468454913859,0.6824318578123929,-0.7295168453543592,0.031245522050848278,0.033401334385317095
1726865385.710878,0.3914406267432908,-0.7401759930572251,-0.25559544167678344,-0.48330601613327784,0.6830168823240981,-0.7293289438437265,0.027060661672857495,0.028895513871372486
1726865385.7365189,0.3895921636146804,-0.739976675847948,-0.2554442158803047,-0.48518111857774243,0.6836667905992923,-0.7290725313566696,0.022196265028003037,0.02367043032241509
1726865385.76216,0.3874738921810373,-0.739783602389632,-0.25522292535792745,-0.4872837601287759,0.68437896232891,-0.7287227603603414,0.01660830073579038,0.017684422554273767
1726865385.7372208,0.3850748291093382,-0.739595169056886,-0.25492475695205824,-0.4896220278817775,0.6851446755367794,-0.7282530145536447,0.010262788202391272,0.010908508396801832
1726865385.7628615,0.38238780450976145,-0.7394102373577255,-0.2545421713903593,-0.4921995030845494,0.6859482040473609,-0.7276359872540961,0.0031383052483613715,0.0033290324607927273
1726865385.788503,0.37941045591799133,-0.7392282038551871,-0.25406718701361736,-0.49501437660751174,0.6867664495174323,-0.726844940738654,-0.004771829552193878,-0.005050305195480111
1726865385.814144,0.37614631047697733,-0.7390488868399623,-0.2534919726430651,-0.49805874731872485,0.6875692264674926,-0.7258550789953866,-0.013457924190639207,-0.014207300516775219
1726865385.812223,0.3726058884413624,-0.7388722200157863,-0.25280975783681964,-0.501318183123508,0.6883202409291084,-0.7246449395720725,-0.022893036195630993,-0.02410116954894671
1726865385.837864,0.3688077226701062,-0.7386977761015314,-0.2520160166170134,-0.5047716183087506,0.6889787091940893,-0.7231976891219108,-0.03303300993465132,-0.034673635238198885
1726865385.8635051,0.3647791468756189,-0.7385241800800949,-0.2511098175021596,-0.5083916492191343,0.6895014686507103,-0.7215021988164088,-0.04381751227607212,-0.04585114447358248
1726865385.889146,0.3605566687803847,-0.7383485069395315,-0.2500951665652076,-0.5121452709523711,0.6898453560956005,-0.7195537852332132,-0.05517205553036344,-0.057548059206574444
1726865385.887358,0.35618572588498504,-0.7381657840428015,-0.24898211474750087,-0.5159950682711268,0.6899695864443276,-0.7173545310485843,-0.06701089229550734,-0.06967055963367393
1726865385.912999,0.3517196355076043,-0.737968725767198,-0.2477873723056226,-0.5199008327689146,0.6898378656179108,-0.714913145093852,-0.07924056853802375,-0.08212092564939165
1726865385.93864,0.34721760850169814,-0.7377478120826767,-0.24653418813675562,-0.5238215270426901,0.689420016286335,-0.7122443753018992,-0.09176384466633582,-0.09480183440529784
1726865385.964281,0.3427418019207381,-0.7374917818383334,-0.24525132068095795,-0.5277174609971621,0.6886929753287999,-0.709368040691223,-0.10448365238846748,-0.10762032782995126
1726865386.012527,0.3383535355104145,-0.7371885489856131,-0.24397105187336643,-0.5315524942090782,0.6876411208651197,-0.7063077904766649,-0.11730675517800578,-0.12049115816914067
1726865386.0110369,0.33410897142187335,-0.736826474732508,-0.24272636309507406,-0.5352960433323983,0.6862559857619682,-0.7030897224615654,-0.1301468218070793,-0.13333930008930103
1726865386.0366778,0.3300547268047548,-0.7363958521142003,-0.24154757612196573,-0.5389246652106792,0.6845354952531675,-0.6997409971895835,-0.14292669812926226,-0.1461015111232419
1726865386.062319,0.32622401553519437,-0.7358903952053902,-0.24045892449568693,-0.5424230116458238,0.682482916277087,-0.6962885707018974,-0.1555797594072422,-0.15872691568419067
1726865386.052132,0.3226339598362473,-0.7353084853896369,-0.23947562144280785,-0.5457840104005997,0.6801057196167195,-0.6927581425002038,-0.1680503289909849,-0.1711766720973197
1726865386.0777729,0.3192846447113258,-0.7346539223319654,-0.23860199586530184,-0.5490082127098969,0.6774145347722921,-0.6891733825190071,-0.1802932454401658,-0.1834228517802551
1726865386.103414,0.3161602962568411,-0.7339359657454617,-0.23783116041273178,-0.5521023495628291,0.6744223293926047,-0.6855554670532042,-0.19227273831421718,-0.1954467122037835
1726865386.129055,0.3132326652920665,-0.7331685387918675,-0.23714646144793344,-0.5550772441224283,0.6711438811021985,-0.6819229223666496,-0.20396082628337536,-0.20723658014889454
1726865386.1276908,0.3104663357747164,-0.7323685901798088,-0.23652467085951065,-0.5579453221808212,0.667595542193058,-0.6782917477283613,-0.21533547688770874,-0.21878557859489994
1726865386.1533318,0.30782531845989947,-0.7315537646682053,-0.23594056326121002,-0.5607180337057303,0.6637952377685249,-0.6746757675989432,-0.22637876552092046,-0.23008942924834325
1726865386.178973,0.30528000965034263,-0.7307396823432325,-0.23537224011713034,-0.5634035329486692,0.659762594581655,-0.6710871457731159,-0.237075244020396,-0.24114454221824158
1726865386.204614,0.3028134553838756,-0.7299372406202195,-0.23480637139197033,-0.5660049504624085,0.6555190762330043,-0.6675369833128553,-0.2474106808516742,-0.2519465649789901
1726865386.2022898,0.3004259040632451,-0.7291503938889754,-0.23424247173239288,-0.5685195191864859,0.6510880024999222,-0.6640359183816409,-0.25737127106717994,-0.2624895063216366
1726865386.2279308,0.29813685384117844,-0.7283748151246797,-0.23369543002472662,-0.5709386929078555,0.6464943544712385,-0.6605946513808413,-0.26694334238028017,-0.2727654819853232
1726865386.253572,0.295984170906625,-0.7275977056231612,-0.233195759973627,-0.5732492362619876,0.6417643079639187,-0.6572243339899088,-0.2761135126271708,-0.2827650543822533
1726865386.279213,0.29402030589395073,-0.7267988237355156,-0.23278739531720763,-0.5754351033089037,0.6369244878367148,-0.6539367851607711,-0.2848691928952434,-0.2924780688303766
1726865386.310735,0.29230608654192364,-0.7259525984661096,-0.23252325198831061,-0.5774797951752334,0.6320009863911423,-0.6507445279996259,-0.293199287807976,-0.3018948328608208
1726865386.336376,0.29090293738064593,-0.7250310260486293,-0.2324591465587044,-0.579368826803257,0.6270182317408856,-0.6476606734627823,-0.30109492560888684,-0.3110074514973027
1726865386.3620172,0.28986460766859556,-0.7240069498011898,-0.2326469244105897,-0.5810919500586821,0.6219978195740129,-0.6446987040260024,-0.3085500575390019,-0.319811124673682
1726865386.387658,0.28922954295380476,-0.7228573034075488,-0.23312776461090498,-0.5826448624682299,0.6169574302861713,-0.6418722272521358,-0.31556179604445134,-0.3283052329376836
1726865386.367127,0.2890149139463675,-0.7215659417922209,-0.23392657738326078,-0.5840302454118558,0.6119099436243366,-0.639194771240269,-0.3221304086368956,-0.33649407891400995
1726865386.392768,0.289213051224515,-0.7201257666969304,-0.23504821607747042,-0.5852580860264668,0.6068628383509806,-0.6366796803934653,-0.3282589407387226,-0.34438720624866165
1726865386.418409,0.2897906809474784,-0.7185399519546234,-0.23647593707084733,-0.58634531623226,0.6018179316367869,-0.634340143006449,-0.3339524979552674,-0.3519992744884776
1726865386.44405,0.290690983474799,-0.716822169595468,-0.2381722216494117,-0.5873148407264063,0.5967714797063233,-0.6321893461631403,-0.3392172690301455,-0.35934951787733943
1726865386.4421358,0.29183815994351936,-0.7149958079783729,-0.24008177803754494,-0.5881940350160527,0.5917146337083139,-0.6302407144477326,-0.3440594106762087,-0.36646085197874473
1726865386.4677768,0.2931439343415615,-0.7130922574912683,-0.2421363104523511,-0.5890127954682136,0.5866342268662194,-0.6285081531953631,-0.3484839421884209,-0.37335871125881687
1726865386.493418,0.2945152554803888,-0.7111484204390213,-0.24426049110604292,-0.5898012384532955,0.5815138606801938,-0.627006189999545,-0.3524938110987225,-0.3800697050228662
1726865386.519059,0.2958623921064503,-0.7092036772032836,-0.2463784991899934,-0.5905871860405338,0.5763352558754679,-0.6257498951861469,-0.35608929094997605,-0.38662017327116893
1726865386.517252,0.2971066169594446,-0.7072966042452771,-0.24842048193323987,-0.5913936387365616,0.5710798324818653,-0.6247544670343922,-0.35926785796253996,-0.39303471486379604
1726865386.542893,0.2981867348659054,-0.7054617799856795,-0.2503283297544833,-0.5922365029713869,0.5657304769268521,-0.6240343938099705,-0.36202466302658665,-0.3993347545341195
1726865386.568534,0.2990638162565628,-0.7037270194055382,-0.2520602288620635,-0.5931228852359876,0.5602734375710317,-0.6236021541363157,-0.3643536658145362,-0.40553721742448673
1726865386.594175,0.29972364794567485,-0.7021113396762954,-0.2535935551299193,-0.594050259116738,0.5547002629571736,-0.6234664879245386,-0.36624942701479746,-0.41165339051393246
1726865386.6362147,0.3001766126291791,-0.7006238759947969,-0.25492580722030184,-0.5950067381379615,0.5490096616500029,-0.6236303565474828,-0.36770946333528987,-0.4176880658830008
1726865386.661856,0.3004549588849626,-0.6992638484639991,-0.2560734509689941,-0.5959725460300861,0.5432091262470529,-0.6240888012167807,-0.3687369651157873,-0.42363907269622036
1726865386.687497,0.30060771609706277,-0.6980215457126336,-0.2570687629999315,-0.5969225861311821,0.5373161359025719,-0.6248269870268214,-0.36934357133969176,-0.4294973023102187
1726865386.6855588,0.3006938149379967,-0.6968801635262692,-0.25795500553271594,-0.5978298106169101,0.5313587420420506,-0.6258187674073566,-0.36955181254658676,-0.43524730379378435
1726865386.682072,0.300774250600439,-0.6958182382661021,-0.25878050702375943,-0.5986689224074759,0.5253753597112384,-0.6270261030097953,-0.3693967919288078,-0.44086846980175565
1726865386.707713,0.3009043166164154,-0.694812359123613,-0.259592417291717,-0.5994198484662735,0.5194136370848117,-0.6283996097135763,-0.3689267002297134,-0.446336749528613
1726865386.733354,0.30112698960320783,-0.6938398314627225,-0.2604310004945322,-0.60007042785802,0.5135283600448239,-0.6298803918447329,-0.3682018633784519,-0.4516267299483448
1726865386.758995,0.30146842374500216,-0.692880989398645,-0.26132528369902774,-0.6006178652972963,0.5077784616720287,-0.6314031518234545,-0.3672921994576972,-0.4567138425173063
1726865386.757283,0.3019362160518783,-0.691920909929607,-0.262290681349153,-0.601068693508367,0.502223336713533,-0.6329003793168145,-0.3662731926885098,-0.4615764056347803
1726865386.782924,0.3025206631500838,-0.690950358462323,-0.26332888984568714,-0.6014372338662272,0.49691878963645464,-0.6343072425516205,-0.36522073871374405,-0.46619722282118714
1726865386.8085651,0.30319872243692547,-0.6899658938565695,-0.2644299529691293,-0.601742802200463,0.4919130467534465,-0.6355666634326785,-0.36420543096604163,-0.47056452779787145
1726865386.834206,0.3039399102447189,-0.6889691773203948,-0.26557601669746206,-0.60200613204352,0.4872433114296543,-0.6366339829563352,-0.3632869973325243,-0.4746721866523633
1726865386.832254,0.3047130190862852,-0.6879656510511951,-0.26674600185779945,-0.6022456388101994,0.48293331464862715,-0.6374806305412855,-0.3625096272288017,-0.47851920489527944
1726865386.857895,0.30549239309939485,-0.6869628567049055,-0.26792028302359333,-0.6024741929832331,0.47899220219359673,-0.6380963039448933,-0.3618988397371643,-0.48210870861921695
1726865386.883536,0.30626260378622877,-0.6859687220349457,-0.26908449862806927,-0.6026969906262212,0.4754149153121469,-0.6384893365730585,-0.3614603443638563,-0.4854466446826079
1726865386.909177,0.3070207020996373,-0.6849901344209364,-0.27023182093406506,-0.6029109114810351,0.47218399494737495,-0.6386851550388363,-0.36118106900544544,-0.4885404620301563
1726865386.936333,0.3077757205066381,-0.6840320396123367,-0.2713633433554646,-0.6031054721467471,0.4692725166416811,-0.6387229820781456,-0.361032219465439,-0.49139799938323236
1726865386.987615,0.30854565706067505,-0.6830971719488153,-0.2724866330470228,-0.6032651705471022,0.46664769211330864,-0.6386511813718152,-0.360973942423541,-0.4940267329496587
1726865386.9855888,0.30935267750865597,-0.6821863732326883,-0.2736128736681753,-0.6033727442111552,0.4642745917267563,-0.6385218330718276,-0.3609609369563507,-0.49643345390811466
1726865387.0112298,0.3102176151470143,-0.6812993297478506,-0.27475330922853924,-0.6034126892977932,0.46211946455600805,-0.6383852367746387,-0.3609482371199722,-0.4986243677024232
1726865386.997079,0.31115496466012904,-0.6804354770223211,-0.2759158356588055,-0.6033743458330518,0.46015224897208096,-0.6382850396272753,-0.3608963907897668,-0.5006055443848616
1726865387.02272,0.31216942938275816,-0.6795948040530962,-0.2771025350827037,-0.6032539554065235,0.4583480452224337,-0.6382545770385983,-0.36077538731675596,-0.5023836026747873
1726865387.048361,0.31325473085631284,-0.6787783276025959,-0.27830872317248695,-0.6030553127029575,0.45668752061880985,-0.6383148096633986,-0.3605669151118774,-0.5039664790461045
1726865387.074002,0.3143948965411606,-0.6779880938157944,-0.279523727825047,-0.6027889176616369,0.4551563970738997,-0.6384739804713766,-0.36026481655951575,-0.5053641186442516
1726865387.072068,0.3155677135230907,-0.6772266816388296,-0.2807332206011408,-0.6024698321984091,0.45374430028025065,-0.6387288487280177,-0.35987389758424015,-0.5065889315838775
1726865387.097709,0.3167495853846803,-0.6764963083980604,-0.28192257369716994,-0.6021146961521479,0.452443312615466,-0.639067133910142,-0.35940748824330954,-0.5076558919386789
1726865387.12335,0.3179207451889683,-0.6757977479624947,-0.2830804891498064,-0.6017385148800248,0.451246565878015,-0.6394706602883179,-0.3588842981578012,-0.5085822174924165
1726865387.148991,0.31906971539166823,-0.6751293382889146,-0.2842020892750808,-0.6013518651780596,0.4501471440256358,-0.639918651965851,-0.3583251465076526,-0.5093866478148411
1726865387.1624248,0.3201960702914797,-0.6744863578279542,-0.28529077106861495,-0.6009590714990082,0.4491374580993558,-0.6403906858029148,-0.3577500759216201,-0.5100884202243734
1726865387.1880658,0.32131090901462417,-0.6738609830071394,-0.2863583820956758,-0.6005577010849122,0.4482091286535747,-0.6408689438377889,-0.35717620919525683,-0.5107061086385656
1726865387.2107258,0.3224349092089394,-0.6732429167952322,-0.28742361373074554,-0.6001394592746175,0.4473532919117443,-0.6413395823191838,-0.35661651747500883,-0.5112565225308889
1726865387.2363667,0.32359430968798375,-0.6726206314390102,-0.2885088625056125,-0.5996922920597381,0.44656115870206137,-0.641793212305825,-0.35607948120769983,-0.5117538541522654
1726865387.2371829,0.3248155680816163,-0.6719830349117003,-0.28963611207384093,-0.5992032794514954,0.4458246163530687,-0.6422246332429321,-0.35556947634644165,-0.5122092144820686
1726865387.2628238,0.3261196853432118,-0.6713212794425714,-0.2908225827706453,-0.5986617709106242,0.44513667879761576,-0.6426320536340885,-0.3550876301876167,-0.5126306230794301
1726865387.285986,0.32751723689427326,-0.6706303990675563,-0.29207694313839344,-0.5980621929787588,0.44449165079180664,-0.643016064103909,-0.3546328696442543,-0.5130234316759553
1726865387.311627,0.32900499955782575,-0.6699104906837348,-0.29339677087057286,-0.5974060424707416,0.44388496031136626,-0.6433786042355284,-0.3542029206739037,-0.5133910834903509
1726865387.312213,0.3305647493514274,-0.669167229098405,-0.29476771101475235,-0.5967027421841751,0.44331270500971504,-0.6437221016176984,-0.3537950921025415,-0.5137360550613684
1726865387.337854,0.33216439706947637,-0.6684116145064826,-0.2961644596015022,-0.5959692439893678,0.44277103122735223,-0.6440488809941483,-0.35340676628015294,-0.5140608041306571
1726865387.3604078,0.33376120837994977,-0.6676589743458056,-0.2975533681526385,-0.5952284795414977,0.4422555017817394,-0.6443608632308768,-0.353035601134992,-0.5143685579537264
1726865387.389136,0.33530650494102393,-0.6669273631452105,-0.29889618764858544,-0.594506946167623,0.4417606060943999,-0.6446595129419052,-0.3526795075954558,-0.5146638166792386
1726865387.3872118,0.3367510262037705,-0.6662356043624044,-0.3001543027120705,-0.5938318452171455,0.4412795276587125,-0.644945958096662,-0.35233649549747165,-0.5149525061057987
1726865387.4128528,0.338050081088407,-0.665601277454991,-0.30129277383996916,-0.593228241537962,0.44080422227170923,-0.6452211947279418,-0.35200448180516986,-0.5152417804199838
1726865387.438494,0.3391677306850541,-0.6650389568169441,-0.3022836011266797,-0.592716678411927,0.4403257921335715,-0.6454863003727029,-0.3516811343252247,-0.5155395354120058
1726865387.464135,0.3400794803934208,-0.6645589535270442,-0.30310781363260775,-0.5923115714024512,0.43983508240155583,-0.6457426020634902,-0.35136379363480125,-0.5158537357542836
1726865387.477197,0.3407732704575595,-0.6641667045561526,-0.3037562314624936,-0.5920205389582218,0.43932338945093313,-0.6459917707584031,-0.35104948510473116,-0.5161916800971027
1726865387.502838,0.34124886967921575,-0.6638628230552155,-0.3042289896051722,-0.5918446443042576,0.43878315950248103,-0.6462358367544848,-0.350735009465554,-0.5165593241501396
1726865387.528479,0.34151604102146177,-0.6636436977896003,-0.30453411193022867,-0.5917793598800485,0.4382085715779076,-0.6464771359158062,-0.35041708773976316,-0.516960757846985
1726865387.55412,0.3415920141831032,-0.6635024395474359,-0.3046855479220537,-0.5918159557230352,0.4375959321485418,-0.6467182042925128,-0.35009253331319745,-0.5173978957456866
1726865387.5521708,0.3414988495674989,-0.6634299341802175,-0.3047011211735293,-0.5919429743930588,0.43694385105314326,-0.6469616398613792,-0.3497584281298338,-0.5178703983883145
1726865387.5778117,0.3412612086018185,-0.6634157807534353,-0.304600786024081,-0.5921474904991559,0.4362532079572988,-0.6472099484845075,-0.3494122863912606,-0.5183758050376951
1726865387.603453,0.3409048789782139,-0.6634489591729591,-0.30440546260494994,-0.5924159488040756,0.43552694790597946,-0.6474653888080386,-0.3490521949489314,-0.518909831420345
1726865387.629094,0.3404561774987068,-0.6635181654207357,-0.30413654810055585,-0.5927345067305839,0.4347697585550456,-0.6477298298539388,-0.34867692228871844,-0.5194667731690272
1726865387.627353,0.33994211603845065,-0.6636118509041621,-0.3038160189677505,-0.5930889441740085,0.4339876805684737,-0.6480046352740204,-0.34828598788591675,-0.5200399565615235
1726865387.652994,0.33939101559295576,-0.6637180836281097,-0.3034668818716288,-0.5934643170460399,0.43318769039530924,-0.6482905885496825,-0.3478796822038057,-0.5206221896900508
1726865387.6786351,0.33883313072887317,-0.6638243961729844,-0.30311363271427066,-0.5938445977095366,0.43237727775131346,-0.6485878720469896,-0.3474590271460285,-0.521206184127411
1726865387.704276,0.3383008290565378,-0.6639177893614372,-0.3027823658333409,-0.5942125520127005,0.431564024977903,-0.6488961081602439,-0.34702566964302023,-0.5217849344013051
1726865387.7017815,0.3378279636296342,-0.6639850211929794,-0.30250024576245954,-0.5945500483011205,0.4307551879887499,-0.6492144627893953,-0.3465817081377049,-0.5223520545668451
1726865387.7274227,0.3374482627346949,-0.6640132382504126,-0.30229419960930937,-0.5948388910352989,0.429957280548541,-0.6495418005615692,-0.3461294629565933,-0.5229020760141598
1726865387.753064,0.33719280400344537,-0.6639909180123863,-0.3021888810191461,-0.5950621429008561,0.42917567471129986,-0.6498768700829596,-0.34567121455299155,-0.5234307073498232
1726865387.778705,0.33708688476984144,-0.6639090061716741,-0.3022041545772576,-0.5952057733225954,0.4284142458713311,-0.6502184885905289,-0.3452089453594895,-0.5239350485254216
1726865387.792106,0.33714679519342744,-0.6637620703752987,-0.3023525090066429,-0.5952603738863238,0.4276751048887031,-0.6505656917975315,-0.34474412743091964,-0.5244137411589535
1726865387.8177469,0.33737709498171886,-0.6635492643949046,-0.3026368862911752,-0.5952226344475313,0.42695846620894584,-0.6509178178654378,-0.3442775967061478,-0.5248670297551945
1726865387.843388,0.3377689655159586,-0.6632749077070806,-0.3030493909829276,-0.5950962857935844,0.42626269521666305,-0.651274504772606,-0.34380954409028053,-0.5252967080538927
1726865387.869029,0.3383000525733468,-0.6629485346861373,-0.30357121445929414,-0.5948922865007442,0.42558455947412044,-0.6516355961110056,-0.3433396350552424,-0.5257059326452445
1726865387.867066,0.3389359685811805,-0.6625843434168252,-0.3041739045711436,-0.5946281466923479,0.4249196793741616,-0.652000968566476,-0.34286724629788656,-0.5260989018093853
1726865387.8927069,0.33963333340100044,-0.6622000673138978,-0.30482187166454633,-0.5943264223028596,0.42426313968260054,-0.6523703113274361,-0.3423917848268494,-0.5264804183331901
1726865387.918348,0.3403439626886886,-0.6618153878346078,-0.30547580202049823,-0.594012553627128,0.4236101931835563,-0.652742898841714,-0.3419130378032359,-0.5268553756230155
1726865387.943989,0.3410196199786528,-0.6614500863113761,-0.3060964975610874,-0.5937123346277415,0.42295696741736993,-0.653117401653881,-0.34143149377429527,-0.5272282223373844
1726865387.9420698,0.34161666856628925,-0.6611221815808285,-0.3066486043526882,-0.5934493628171023,0.4223010809812409,-0.6534917741019102,-0.34094858004187417,-0.5276024677260743
1726865387.9677107,0.34210000377559374,-0.6608463049165237,-0.3071037383369767,-0.5932428192522601,0.42164208855045093,-0.6538632435040562,-0.3404667760419739,-0.5279802859660133
1726865387.993352,0.34244579422137433,-0.6606325231278469,-0.3074426435838833,-0.5931058660239167,0.420981701350926,-0.6542284061664342,-0.3399895854615195,-0.52836226348057
1726865388.018993,0.34264277965328926,-0.6604857400481611,-0.3076561970230647,-0.5930448357230721,0.42032376606910776,-0.6545834154914638,-0.3395213751342733,-0.5287473117359026
1726865388.016378,0.3426921111745035,-0.6604057058011528,-0.30774526150930637,-0.5930592505834571,0.4196740226075143,-0.6549242308726538,-0.3390671113178189,-0.5291327438241563
1726865388.042019,0.34260593256071686,-0.6603875646358939,-0.30771955227643905,-0.5931425769536885,0.419039692088054,-0.6552468865505894,-0.3386320390704197,-0.5295144910533778
1726865388.06766,0.342405052195264,-0.6604227978761641,-0.30759579393062886,-0.5932835206145236,0.4184289653229471,-0.6555477387279218,-0.33822135562499345,-0.5298874199550959
1726865388.093301,0.34211612882367964,-0.6605003804955807,-0.3073954973982105,-0.5934676149068281,0.417850466262692,-0.6558236566362218,-0.33783992367151205,-0.5302457026831742
1726865388.1255438,0.3417687880775128,-0.6606079714263535,-0.30714267823251973,-0.5936788515621396,0.4173127554779997,-0.6560721364730907,-0.3374920574725688,-0.5305831951748244
1726865388.1511848,0.34139301605302735,-0.6607329908528438,-0.3068617821906448,-0.5939011449893447,0.41682391969294413,-0.6562913328076734,-0.33718139740086217,-0.5308937857049558
1726865388.176826,0.34101706384561814,-0.6608634895739393,-0.30657599801626817,-0.5941194894586429,0.41639127002488013,-0.6564800162940648,-0.3369108712198111,-0.5311716891058105
1726865388.202467,0.34066597060869946,-0.6609887710858608,-0.3063060415787835,-0.5943207466174917,0.4160211496777444,-0.6566374768240625,-0.3366827266342026,-0.5314116752924191
1726865388.182248,0.3403606967710688,-0.6610997745639844,-0.30606940793405496,-0.594494072040974,0.41571883527334674,-0.6567633959810381,-0.33649861166764516,-0.5316092324670195
1726865388.2078888,0.3401177695286315,-0.6611892602397127,-0.3058800202330966,-0.5946310437714555,0.41548850673542886,-0.656857712024652,-0.33635967766051705,-0.531760673770274
1726865388.23353,0.339949287963144,-0.6612518561661185,-0.30574816289019185,-0.5947255881660776,0.4153332586527072,-0.6569204962818043,-0.336266682800688,-0.5318632003250581
1726865388.259171,0.33986311728520974,-0.6612840284403777,-0.3056805726329847,-0.5947738080595145,0.4152551292959779,-0.6569518535457438,-0.3362200801478339,-0.5319149343847911
